event_id,stock_id,company_name,market,industry,announcement_date,announcement_time,fact_date,title,content,event_type,signal_strength,eps_value,eps_unit,profit_value,profit_unit,period_label,source,raw_event_id,confidence
mops_1303_20200410_133548_2,1303,南亞,上市公司,,2020-04-10,13:35:48,2020-04-10,本公司2020年第1季自結合併損益公告,"1.事實發生日:109/04/10
2.公司名稱:南亞塑膠工業股份有限公司。
3.與公司關係(請輸入本公司或子公司):本公司。
4.相互持股比例:不適用。
5.發生緣由:公告本公司2020年第1季自結合併損益。
6.因應措施:無。
7.其他應敘明事項:
一、2020年第1季自結合併損益與2019年第4季比較
(一)2020年第1季合併營業額655億5,750萬元，較上季減少60億8,832萬元，減幅
8.50%，其中銷售量差減少51.9億元，銷售價差減少9.0億元。
1.地區別：
台灣因春節連假影響，營收減少8.8億元(-2.16%)；大陸因疫情及春節因素，營收減少
58.9億元(-25.36%)；美國則因聖誕假期結束後下游開工，營收增加6.8億元(+8.95%)。
2.產品別：
受新冠肺炎及春節連假影響，電子材料產品營收減少38.1億元(-12.72%)、塑膠產品
減少14億元(-13.15%)、聚酯及化工產品也有小幅減少。
(二)合併稅前利益較上季減少29億6,451萬元：
1.營業利益29.1億元，較上季減少4.2億元，減幅12.58%：
(1)地區別：
台灣因BPA利差改善，獲利增加1.7億元；大陸受疫情影響，獲利減少5.6億元；美國
獲利持平。
(2)產品別：
因肺炎疫情影響產品交運，電子材料產品、聚酯產品、塑膠產品利益皆減少；化工
產品則因BPA利差改善，獲利增加。
2.權益法投資收益-14.7億元，較上季不利31.8億元：
(1)認列台塑石化-23.1億元(影響本公司EPS -0.29元)，較上季不利39.5億元(影響
本公司EPS減少0.5元)；
(2)認列麥寮汽電2.2億元，較上季有利3.0億元；
(3)認列南亞科5.7億元，較上季增加1.9億元。
3.外幣兌盈2.7億元，較上季有利9.0億元。主要是第4季台幣兌美元升值，故認列兌換
損失；第1季台幣兌美元略為貶值，認列兌換利益，因此相對於第4季，有利9.0億元。
(三)2020年第1季歸屬母公司稅後利益為10億530萬元，每股稅後盈餘0.13元。
二、2020年第1季自結合併損益與2019年第1季比較：
(一)合併營業額較2019年第1季減少53億6,261萬元，其中銷售量差增加1.2億元，銷售
價差減少54.8億元。
1.地區別：
因原油價格下跌20.9%(杜拜季均價：2020Q1 50.28美元/桶，2019Q1 63.59美元/桶)，
產品售價下滑，致台灣營收減少20.2億元(-4.82%)、大陸營收減少23.6億元(-11.98%)、
美國營收減少9.8億元(-10.56%)。
2.產品別：
電子材料產品因5G發展，營收增加14.3億元(+5.77%)，其他產品營收皆減少。
(二)合併稅前利益較2019年第1季減少37億7,353萬元，主要為：
1.營業利益29.1億元，較2019年第1季增加6.3億元：
(1)地區別：
台灣增加4.6億元、大陸增加6.7億元，主要都是來自於電路板等電子材料產品獲利
增加；美國減少5億元，主要是美國EG季均價較去年第1季下滑24.3%，大於原料乙烯
價格跌幅12.0%，致獲利減少。
(2)產品別：
受惠於5G建設，電子材料產品獲利顯著增加14.5億元，其中電路板轉虧為盈，獲利增加
7.8億元。化工及聚酯產品因油價影響產品售價及疫情影響出貨等因素，獲利減少。
2.權益法投資收益-14.7億元，較2019年第1季不利45.6億元：
(1)認列台塑石化-23.1億元(影響本公司EPS -0.29元)，較2019年第1季不利44.4億元
(影響本公司EPS減少0.56元)；
(2)認列南亞科5.7億元，較2019年第1季減少5.0億元。
3.外幣兌盈2.7億元，較2019年第1季有利1.6億元。
(三)2020年第1季歸屬母公司稅後利益為10億530萬元；每股稅後盈餘0.13元。",self_assessed_eps,A,-0.29,元,,元,季,mops_api_t05st01,mops_1303_20200410_133548_2,0.95
mops_1326_20200410_133223_2,1326,台化,上市公司,,2020-04-10,13:32:23,2020-04-10,公告本公司2020年第1季自結合併損益,"1.事實發生日:109/04/10
2.公司名稱:臺灣化學纖維股份有限公司
3.與公司關係(請輸入本公司或子公司):本公司
4.相互持股比例:不適用
5.發生緣由:公告本公司2020年第1季自結合併損益
6.因應措施:無
7.其他應敘明事項:
一、2020年第1季自結合併損益與2019年第4季比較：
(一)2020年第1季營業額與2019年第4季比較衰退9.5％，其中量差減少26.2億元，
售價差減少41.6億元。
1.售量方面：
(1)台化：增加12.7億元。
PX為降低庫存增加外售影響22.3億元；萃餘油回售塑化增加16.4億元；PP去年#1、#2
系列定檢，今年雖有疫情影響，仍增加7.9億元；另ABS及SM受疫情影響降低開動率，
銷售減少22.2億元;PTA售價不敷成本，減量銷售影響15.1億元。
(2)受農曆春節及疫情影響降低開動率，台化寧波減少38.7億元、
越南FIC減少4.9億元。
(3)福懋：增加4.9億元
主要係秋冬訂單成品出貨增加所致。
2.售價方面：
受疫情及油價驟跌影響，市場需求停滯，主要產品行情均低於去年第4季。
(二)2020年第1季合併稅前虧損40.9億元與2019年第4季比較，減少83億元，
衰退197.2%，主要為：
1.營業利益減少32.1億元：
主要受疫情影響導致市場萎縮，加上大陸新產能投產，油價又驟跌，在成品、
原料價格下跌與高庫存成本影響下，第1季營業利益呈現虧損。
2.合併營業外淨收益減少50.9億元：
(1)權益法投資收益減少34.5億元，主要係塑化虧損，投資收益減少38.5億元，
另麥電增加3.0億元。
(2)處分投資利益減少20.1億元(2019年12月福懋出售福懋科股票)
(3)兌換損失減少3.4億元。(今年兌損1億元；去年兌損4.4億元)。
(三)2020年第1季歸屬母公司稅後虧損為46億522萬元，每股稅後虧損0.79元，
比第2019年4季每股盈餘0.46元，減少1.25元，衰退271.7%。
二、2020年第1季自結合併損益與2019年第1季比較：
(一)2020年第1季營業額與2019年第1季比較衰退27.8％，其中量差減少122.4億元，
售價差減少125.8億元。
1.售量方面：
(1)台化：減少69.7億元
主要因應疫情並配合產銷，芳香烴以72%運轉，因此萃餘油等回售塑化也減少，
合計影響37.6億元；PTA、R棉售價不敷成本，減少銷售21.3億元；ABS、PP、PIA、
耐隆絲受疫情影響，減少15.9億元;SM海豐廠今年2月安排設備檢修，減少8億元;
另去年合成酚廠安排定檢，今年產銷正常，增加12.6億元。
(2)受疫情影響客戶減少下單，台化寧波減少35.2億元、台化出光減少8.3億元、
越南FIC減少5.9億元、福懋減少5.7億元。
2.售價方面：
疫情影響經濟活動及油價下挫，產品價格較同期大幅下跌。
(二)2020年第1季合併稅前虧損40.9億元與2019年第1季比較，減少145.5億元，
衰退139.1％，主要為：
1.營業利益減少102.7億元：
各國為了防疫，限制居民流動及社交，原市場消費動能大幅減弱，加上油價重挫，
成品、原料價格跟跌，高庫存成本尚未去化，導致第1季虧損。
2.營業外淨收益減少42.8億元：
(1)權益法投資收益減少38.2億元；主要塑化減少42億元、麥電增加2.7億元。
(2)兌換損失增加4.8億元。(今年兌損1億元；去年兌盈3.8億元)。
(三)2020年第1季歸屬母公司稅後虧損為46億522萬元，每股稅後虧損0.79元，
比2019年第1季每股盈餘1.46元，減少2.25元，衰退154.1%。",self_assessed_eps,A,0.46,元,,元,月,mops_api_t05st01,mops_1326_20200410_133223_2,0.95
mops_1303_20200710_133519_2,1303,南亞,上市公司,,2020-07-10,13:35:19,2020-07-10,公告本公司2020年第2季自結合併損益,"1.事實發生日:109/07/10
2.公司名稱:南亞塑膠工業股份有限公司。
3.與公司關係(請輸入本公司或子公司):本公司。
4.相互持股比例:不適用。
5.發生緣由:公告本公司2020年第2季自結合併損益。
6.因應措施:無。
7.其他應敘明事項:
一、2020年第2季自結合併損益與2020年第1季比較：
(一)2020年第2季EPS 0.27元，較第1季成長114.93%，主要係電路板、電子材料產品、
塑膠產品獲利增加，及認列南亞科等投資收益增加。
(一)合併營業額較上季減少49億3,292萬元，減幅7.52%，其中銷售量差增加10.9億元，
銷售價差減少60.3億元。
1.地區別：
原油季均價下跌34.15%(2020Q1 50.28美元/桶↘2020Q2 33.11美元/桶)，影響產品
售價，致台灣營收減少48.5億元(-12.14%)；美國則因油價下跌及疫情擴大影響，營收
減少25.4億元(-30.58%)；大陸因經濟重啟，營收增加24.5億元(+14.16%)。
2.產品別：
受原油價格下跌及美歐疫情影響，聚酯產品營收減少36.7億元(-30.15%)、化工產品
減少25.4億元(-14.98%)；而電路板等電子材料產品則因網通及雲端運算需求增加、
5G相關產業持續發展，營收成長12億元(+4.60%)；塑膠產品因大陸經濟重啟，營收
增加2.3億元(+2.53%)。
(二)合併稅前利益較上季增加8億7,046萬元：
1.營業利益33.5億元，較上季增加4.9億元，成長17.27%：
(1)地區別：
台灣增加3.2億元、大陸增加4.9億元：主要係電路板等電子材料產品營運增溫，
加上塑膠產品下游逐漸復工，致獲利增加；美國則受第2季疫情擴大影響，獲利減少
3.2億元。
(2)產品別：
5G建設持續進行，新世代手機推出與物聯網運用技術持續革新，加上疫情期間遠端
連線的應用範圍加速拓展，使電路板與各種電子材料產品獲利顯著增加8.9億元；
其中電路板產品的獲利，創下2014年以來的單季新高。
另外，塑膠產品因各國陸續解封，獲利增加2.1億元；而聚酯產品、化工產品則因
油價下跌影響產品售價，加上美國疫情擴大影響下游需求，致獲利分別減少3.9億元、
1.0億元。
2.權益法投資收益-4.8億元，較上季有利9.9億元：
(1)認列南亞科9.5億元(影響本公司EPS 0.12元)，較上季增加3.8億元；
(2)認列麥寮汽電5.9億元(影響本公司EPS 0.07元)，較上季增加3.7億元；
(3)認列台塑石化-20億元(影響本公司EPS -0.25元)，較上季有利3.1億元。
3.外幣兌損3.6億元，較上季不利6.3億元。主要是第1季台幣兌美元貶值，故認列兌換
利益；第2季台幣兌美元升值，認列兌換損失，因此相對於第1季，不利6.3億元。
(三)2020年第2季歸屬母公司稅後利益為21億6,116萬元，每股稅後盈餘0.27元。
二、2020年上半年自結合併損益與2019年上半年比較：
2020年上半年EPS 0.4元，比去年同期衰退，主要是以PCB為首的電子材料產品獲利
顯著增加，但其他產品受疫情衝擊，獲利不如去年，再加上認列台塑石化公司的投資
損失，導致整體獲利減少。
(一)合併營業額較2019年上半年減少165億8,978萬元，其中銷售量差減少3.8億元，
銷售價差減少162.1億元。
1.地區別：
因新冠肺炎影響各行業營運活動，加上原油價格下跌36.2%(杜拜半年均價：2020
上半年41.70美元/桶，2019上半年65.33美元/桶)，產品售價下滑，致台灣營收減少
73.7億元(-8.95%)、大陸營收減少46.2億元(-11.07%)、美國營收減少46億元
(-24.61%)。
2.產品別：
電子材料營收增加7.5億元(+1.42%)，其他產品營收皆減少：聚酯減少83.1億元
(-28.67%)、化工減少61.7億元(-16.44%)、塑膠減少24.3億元(-11.44%)。
(二)合併稅前利益較2019年上半年減少77億8,405萬元，主要為：
1.營業利益62億元，較2019年上半年增加16.2億元：
(1)地區別：
台灣增加18.7億元、大陸增加9.9億元，主要都是來自於電路板及各類電子材料產品
獲利增加；美國減少12.3億元，主要是EG及纖維產品因下游開工率低，產品市況
不佳，致獲利減少。
(2)產品別：
電子材料產品獲利顯著增加29.1億元(+146.64%)，其中電路板轉虧為盈，獲利增加
19.7億元，主要係5G通訊逐漸邁向商轉階段，應用商品需求增加，加上疫情促使
工作與生活型態改變，導致遠端連線、數位科技、AI、物聯網的應用層面更加
廣泛，筆電、家電的需求也有所增加，帶動了電路板與各種電子材料的開發與
銷售，使獲利增加。
聚酯、化工、塑膠產品受到油價及疫情影響，尚未恢復至去年水準，獲利分別減少
7.2億元、6.9億元、0.5億元。
2.權益法投資收益-19.5億元，較2019年上半年不利81.1億元：
(1)認列台塑石化-43.1億元(影響本公司EPS -0.54元)，較2019年上半年不利
83億元(影響本公司EPS減少1.05元)；
(2)認列南亞科15.2億元(影響本公司EPS 0.19元)，較2019年上半年減少3.7億元。
(3)認列麥寮汽電8.2億元(影響本公司EPS 0.10元)，較2019年上半年增加5.4億元。
3.股利收入不利8.6億元，主要是台化去年股息8.7億元於6月除息(今年於7月除息，
將計入第3季收益)。
4.外幣兌損0.9億元，較2019年上半年不利5.7億元，主要是2019上半年台幣貶值，
2020上半年台幣升值，因此相對不利。
(三)2020年上半年歸屬母公司稅後利益為31億6,667萬元；每股稅後盈餘0.40元。",self_assessed_eps,A,0.27,元,,元,月,mops_api_t05st01,mops_1303_20200710_133519_2,0.95
mops_1326_20200710_133150_3,1326,台化,上市公司,,2020-07-10,13:31:50,2020-07-10,公告本公司2020年第2季自結合併損益,"1.事實發生日:109/07/10
2.公司名稱:臺灣化學纖維股份有限公司
3.與公司關係(請輸入本公司或子公司):本公司
4.相互持股比例:不適用
5.發生緣由:公告本公司2020年第2季自結合併損益
6.因應措施:無
7.其他應敘明事項:
一、2020年第2季自結合併損益與2020年第1季比較：
(一)2020年第2季營業額與2020年第1季比較衰退13.1％，其中量差增加9.1億元，
售價差減少93.7億元。
1.售量方面：
(1)台化：減少7.6億元。
第2季安排ARO-3、SM麥寮廠二個大廠定檢，產銷量及萃餘油等回售塑化減少，
合計影響19.8億元；受疫情影響，耐隆絲減少2.7億元。ABS、PS、PP、PTA、PIA
需求提升，增加13.6億元;丙酮價高加強銷售，增加1.2億元。
(2)受疫情影響，經濟活動減少，客戶延後或取消訂單，福懋減少13.7億元、越南FIC
減少12.4億元、台灣醋酸外銷量減少影響4.9億元。
(3)台化寧波：增加47.8億元
第2季疫情趨緩加上大陸積極推動經濟恢復，下游開動率提升，加上防疫需求，
ABS、PS、PTA、酚酮銷售暢旺，增加45.3億元；電力因省網調度增加2.3億元。
2.售價方面：
疫情影響原油、輕油、石化、塑膠產品自3月初大幅下滑，到4月中旬，剛自谷底逐步
回升，因此除丙酮因防疫需求推升行情外，其餘石化、塑膠、紡纖產品受疫情及油價
下跌影響，行情均低於第1季。
(二)2020年第2季合併稅前利益19.7億元，與2020年第1季比較轉虧為盈，
比較第1季增加60.7億元，主要為：
1.營業利益增加44.9億元：
主要在解封後，各國重啟經濟，加上OPEC減產協議，油價及石化塑膠產品價格回升，
高價庫存幾近去化，且大陸經濟動能恢復明顯，致營業利益增加。
2.合併營業外淨收益增加15.8億元：
第2季股利收入增加10.8億元，主要係福懋認列塑化股利所致。另塑化虧損較第1季減少
且麥電獲利增加，權益法投資收益有利3.3億元
(三)2020年第2季歸屬母公司稅後利益為11億2,492萬元，每股稅後盈餘0.19元，
比2020年第1季每股虧損0.79元，增加0.98元。
二、2020年上半年自結合併損益與2019年上半年比較：
(一)2020年上半年營業額與2019年上半年比較衰退28.7％，其中量差減少139.8億元，
售價差減少344.4億元。。
1.售量方面：
(1)台化：減少67.4億元
除酚酮去年安排定檢，且今年因防疫需求產銷良好，增加23.1億元外，其餘產品受
疫情影響，產銷量減少，合計影響90.5億元。
(2)受疫情影響，經濟活動減少，客戶減少下單，其中越南FIC減少27.9億元、
福懋減少27.2億元、台化出光減少11.5億元、台化寧波減少5.1億元、台灣醋酸
減少3.7億元。
2.售價方面：
除丙酮因防疫需求推升行情外，其餘石化、塑膠、紡纖產品受疫情及油價下跌影響，
價格較去年大幅下跌。
(二)2020年上半年合併稅前虧損21.3億元與2019年上半年比較，減少216億元，
衰退110.9％，主要為：
1.營業利益減少124.8億元：
受疫情影響，各國限制居民流動及社交，致消費市場動能大幅減弱，加上油價重挫，
成品、原料價格跟跌，雖然第2季已漸恢復動能，尤其是大陸地區，不過由於3、4月份
為去化高價庫存所產生的存貨虧損，致上半年營業利益仍大幅減少。
2.營業外淨收益減少91.2億元：
(1)權益法投資收益減少77.1億元，主要塑化減少82.2億元、麥電增加5.4億元。
(2)股利收入減少8.2億元，主要係福懋認列塑化股利收入減少7億元。
(3)兌換損失增加7.3億元。(今年兌損1.7億元；去年兌盈5.6億元)。
(三)2020年上半年歸屬母公司稅後虧損為34億8,481萬元，每股稅後虧損0.60元，
比2019年上半年每股盈餘2.45元，減少3.05元，衰退124.5%。",self_assessed_eps,A,2.45,元,,元,月,mops_api_t05st01,mops_1326_20200710_133150_3,0.95
mops_1201_20200727_175105_1,1201,味全,上市公司,,2020-07-27,17:51:05,2020-07-27,"因本公司有價證券於集中交易市場達公布注意交易資訊標準
，故公布相關財務業務等重大訊息，以利投資人區別暸解。","1.事實發生日:109/07/27
2.發生緣由:依臺灣證券交易所股份有限公司通知辦理。
3.財務業務資訊:
====== ================= ==================== ====================
        最近一月  與去年    最近一季    與去年       最近四季
科目   109年06月 同期增減  109年第1季  同期增減  108第2季至109第1季
        (IFRS合併自結數)       (經會計師核閱之IFRS合併數)
====== ======== ======== =========== ======== ===================
營業收入   1,584    -8.3%     3,974     -12.5%      19,662
(百萬)
稅前純益     20    263.4%       4       -99.7%         444
(百萬)
稅後純益     22    216.2%      26       -97.7%         258
(百萬)
每股盈餘   0.04    216.2%     0.05      -97.7%        0.51
(元)
4.有無「臺灣證券交易所股份有限公司對有價證券上市公司重大訊息之查證暨公開處理
  程序」第4條所列重大訊息之情事（如「有」，請說明）:無。
5.有無「臺灣證券交易所股份有限公司對有價證券上市公司重大訊息之查證暨公開處理
  程序」第11條所列重大訊息說明記者會之情事:無。
6.完整財務資訊請至公開資訊觀測站查閱，路徑如下：
(1)近期營業收入及損益資訊：基本資料>精華版
(2)歷史每月營業收入：營運概況>每月營收>採用IFRSs後之月營業收入資訊
(3)歷史損益(會計師查核/核閱數)：財務報表>採IFRSs後>合併/個別報表>綜合損益表
(4)歷史損益(自願性公告自結數)：營運概況>自結損益公告:無。
7.其他應敘明事項:本公司營運一切正常，公司於集中市場股票價格變動係由市場自由
交易機制所決定。",self_assessed_profit,B,0.04,元,22.0,元,月,mops_api_t05st01,mops_1201_20200727_175105_1,0.75
mops_1444_20200806_171433_2,1444,力麗,上市公司,,2020-08-06,17:14:33,2020-08-06,"更正「係因本公司有價證券於集中交易市場達公布注意交易
資訊標準，故公布相關財務業務等重大訊息，以利投資人區別瞭
解」-最近一季每股盈餘及與去年同期增減％。","1.事實發生日:109/08/06
2.發生緣由:內容誤繕。
3.財務業務資訊:
期間              月                       季                最近四季累計
          最近一月  與去年同期     最近一季  與去年同期  108年3季至109年2季
科目     109年06月    增減％      109年2季     增減％
       (合併自結數)             (合併自結數)               (合併自結數)
===========================================================================
營業收入    591       -33.27          1668     -45.69            9862
(百萬)
稅前淨利    -43      -189.81            51     -79.72            -759
(百萬)
本期淨利     -1      -114.05            96     -54.24            -710
(百萬)
每股盈餘   0.13      -446.62          0.01     -95.45           -0.59
(元)
4.有無「臺灣證券交易所股份有限公司對有價證券上市公司重大訊息之查證暨公開處理
  程序」第4條所列重大訊息之情事（如「有」，請說明）:無。
5.有無「臺灣證券交易所股份有限公司對有價證券上市公司重大訊息之查證暨公開處理
  程序」第11條所列重大訊息說明記者會之情事:無。
6.完整財務資訊請至公開資訊觀測站查閱，路徑如下：
(1)近期營業收入及損益資訊：基本資料>精華版
(2)歷史每月營業收入：營運概況>每月營收>採用IFRSs後之月營業收入資訊
(3)歷史損益(會計師查核/核閱數)：財務報表>採IFRSs後>合併/個別報表>綜合損益表
(4)歷史損益(自願性公告自結數)：營運概況>自結損益公告:
7.其他應敘明事項:
最近一季每股盈餘正確為0.01元，誤植為0.22元。
與去年同期增減％正確為-95.45％，誤植為3029.55％。",self_assessed_eps,A,0.13,元,,元,月,mops_api_t05st01,mops_1444_20200806_171433_2,0.95
mops_1303_20201008_133432_2,1303,南亞,上市公司,,2020-10-08,13:34:32,2020-10-08,公告本公司2020年第3季自結合併損益,"1.事實發生日:109/10/08
2.公司名稱:南亞塑膠工業股份有限公司。
3.與公司關係(請輸入本公司或子公司):本公司。
4.相互持股比例:不適用。
5.發生緣由:公告本公司2020年第3季自結合併損益。
6.因應措施:無。
7.其他應敘明事項:
一、2020年第3季自結合併損益與2020年第2季比較：
2020年第3季EPS 1.31元，較第2季成長378.52%，其中本業獲利及投資收益都有顯著
增加。
(一)2020年第3季合併營業額為677億9,020萬元，較上季增加71億6,562萬元，成長
11.82%，其中銷售量差增加59.6億元，銷售價差增加12.1億元。
1.地區別：
台灣營收增加21.1億元(+6.02%)；大陸營收增加34.1億元(+17.23%)；美國營收增加
16.4億元(+28.47%)，主要是各國逐步重啟經濟，加上原油季均價上漲28.66%(2020Q2
33.11美元/桶↗2020Q3 42.60美元/桶)，推升產品售價，使營收增加。
2.產品別：
電路板等電子材料產品因無線通訊、網路連線的應用質、量大幅提升，營收成長35.9
億元(+13.13%)；聚酯產品則因原油、原料價格上漲，及下游逐漸復工，致營收增加
24.5億元(+28.83%)；塑膠產品隨著各國陸續解封，需求回溫，營收增加9.8億元
(+10.35%)；而化工產品則因第3季陸續定檢，致營收小幅減少1.9億元(-1.28%)。
(二)2020年第3季合併稅前利益為117億8,339萬元，較上季增加88億4,943萬元：
1.營業利益44.8億元，較上季增加11.6億元，成長35.01%：
(1)地區別：
台灣增加4.9億元、大陸增加2.8億元、美國增加3.9億元：各國採取防疫與經濟並重
政策，經濟較上季活絡，獲利增加。
(2)產品別：
雖然整體經濟環境仍差，但新的生活與商業型態也逐漸成形，產品的銷售與開發路線
必須跟著應變，例如食品與清潔用品的包裝材、防護衣帽、手套、家電的塑膠與電子
元件、傢裝建材，以及遠端連線的電子設備等等，都有商機，使得本公司塑膠、化工、
電子材料、聚酯等產品，獲利皆優於上季。
2.權益法投資收益53.2億元，較上季有利58億元：
(1)認列台塑石化36.6億元(影響本公司EPS 0.46元)，較上季有利56.6億元；
(2)認列麥寮汽電8.1億元(影響本公司EPS 0.10元)，較上季增加2.2億元；
(3)認列南亞科4.8億元(影響本公司EPS 0.06元)，較上季減少4.7億元。
3.股利收入22億元，較上季有利21.6億元：
(1)認列台塑13億元；
(2)認列台化5.3億元；
(3)認列亞太投資1.6億元。
4.外幣兌損4.8億元，較上季不利1.2億元。主要是第3季台幣兌美元升值幅度大於
第2季，因此認列兌換損失較多。
(三)2020年第3季歸屬母公司稅後利益為103億5,898萬元，每股稅後盈餘1.31元。
二、2020年前3季自結合併損益與2019年前3季比較：
2020年前3季EPS 1.71元，比去年同期衰退。其中以PCB為首的電子材料產品獲利顯著
增加，使整體本業獲利優於去年，但因權益法投資收益不如去年，導致EPS較去年
衰退。
(一)2020年前3季合併營業額為1,939億7,229萬元，較2019年前3季減少206億8,493
萬元，其中銷售量差增加28.7億元，銷售價差減少235.6億元。
1.地區別：
受到新冠肺炎疫情及油價下跌34.2%(杜拜均價：2020年前3季42.00美元/桶，2019年
前3季63.79美元/桶)影響，台灣營收減少99.2億元(-8.13%)、大陸營收減少46.7億元
(-7.19%)、美國營收減少60.9億元(-22.08%)。
2.產品別：
油價及原物料價格下跌，導致各產品營收減少：聚酯減少107.8億元(-25.42%)、化工
減少92.9 億元(-16.92%)、塑膠減少25.8億元(-8.09%)。但電子材料產品營收增加21.3
億元(+2.58%)，主要是電路板在5G通訊與週邊產業，以及遠端連線需求大增的帶動之下
，營收及獲利顯著成長。
(二)2020年前3季合併稅前利益為167億7,696萬元，較2019年前3季減少48億8,801萬元
，主要為：
1.營業利益106.5億元，較2019年前3季增加41億元：
(1)地區別：
台灣增加42.2億元、大陸增加13.6億元，主要都是來自於電路板及各類電子材料產品
獲利增加；美國減少14.9億元，主要是EG及纖維產品因疫情影響終端消費，使產品市況
不佳，獲利減少。
(2)產品別：
電子材料產品獲利大幅增加39.8億元(+103.01%)，其中電路板轉虧為盈，獲利增加
最多。
塑膠及化工產品因今年第3季營運略好轉，累計獲利小幅增加；聚酯產品受到疫情影響，
獲利減少。
2.權益法投資收益33.7億元，較2019年前3季不利67.5億元：
(1)認列台塑石化 -6.5億元(影響本公司EPS -0.08元)，較2019年前3季不利75.1億元
(影響本公司EPS減少0.95元)；
(2)認列南亞科20億元(影響本公司EPS 0.25元)，較2019年前3季減少5.4億元。
(3)認列麥寮汽電16.3億元(影響本公司EPS 0.21元)，較2019年前3季增加10.1億元。
3.股利收入不利10億元，主要是台塑減少4.1億元、台化減少3.4億元、亞太投資減少
2.5億元。
4.外幣兌損5.7億元，較2019年前3季不利13億元，主要是2019年前3季台幣貶值，
2020年前3季台幣升值，因此相對不利。
(三)2020年前3季歸屬母公司稅後利益為135億2,927萬元；每股稅後盈餘1.71元。",self_assessed_eps,A,1.31,元,,元,季,mops_api_t05st01,mops_1303_20201008_133432_2,0.95
mops_1326_20201008_133409_2,1326,台化,上市公司,,2020-10-08,13:34:09,2020-10-08,公告本公司2020年第3季自結合併損益,"1.事實發生日:109/10/08
2.公司名稱:臺灣化學纖維股份有限公司
3.與公司關係(請輸入本公司或子公司):本公司
4.相互持股比例:不適用
5.發生緣由:公告本公司2020年第3季自結合併損益
6.因應措施:無
7.其他應敘明事項:
一、2020年第3季自結合併損益與2020年第2季比較：
(一)2020年第3季營業額與2020年第2季比較成長7.4％，其中量差增加1.6億元，
售價差增加40億元。
1.售量方面：
(1)台化：增加14.8億元。
ABS、PS、PTA大陸需求復甦，合計增加10.2億元；ARO-3、SM麥寮廠定檢完成，產銷量
及萃餘油等回售塑化增加，合計影響9.9億元。另PIA、PP＃3第3季安排定檢，產銷量
減少3.1億元；苯酚調節庫存減少，銷售2.8億元。
(2)越南FIC：增加9億元
歐美疫情減緩，市場需求回溫，客戶開動率提升購料增加。
(3)台灣醋酸：增加2.9億元
外銷市場逐漸開放經濟活動，銷量增加。
(4)台化寧波：減少19.9億元
寧波PTA 9月安排定檢，產銷量比上季減少，影響8.8億元，另外苯酚丙酮上季超賣，
且安排10月定檢，產銷調節，減少銷售11.6億元。
(5)台化出光：減少4.1億元
PC廠安排第3季定檢，產銷量減少。
2.售價方面：
除苯酚受同業投產影響，價格下修整理，其餘石化、塑膠產品因原料價格上漲、下游
需求回溫，影響行情高於第2季。
(二)2020年第3季合併稅前利益141.5億元，與2020年第2季比較增加121.6億元，
主要為：
1.營業利益增加25.5億元：
主要疫情趨緩，各國陸續解封並重啟經濟，大陸明顯復甦需求強勁，加上OPEC持續減產
，油價及石化塑膠產品價格回升，致營業利益增加。
2.合併營業外淨收益增加96.1億元：
(1)權益法投資收益增加60.3億元，主要塑化增加54.5億元、麥電增加2.2億元。
(2)股利收入增加29.4億元，主要認列台塑21.4億元、南亞9.1億元。
(3)資產讓售利益增加7.8億元，主要達興出售新化廠土地廠房，獲利8.2億元。
(三)2020年第3季歸屬母公司稅後利益為132億4,490萬元，每股稅後盈餘2.28元，
比第2020年2季每股盈餘0.20元，增加2.08元，成長10.4倍。
二、2020年前3季自結合併損益與2019年前3季比較：
(一)2020年前3季營業額與2019年前3季比較，減少636.9億元，衰退26.1％，其中量差
減少149.5億元(23％)，售價差減少487.4億元(77％)。
1.售量方面：
(1)台化：減少49.1億元
除酚酮去年安排定檢，且今年因防疫需求產銷正常，增加23.7億元外，其餘產品受疫情
影響，合計減少72.8億元。
(2)各國雖陸續解封並重啟經濟，但第一季疫情影響甚鉅，且部分產品受到疫情及大陸
新產能影響仍有減產，市場仍未回復正常，其中福懋減少41.3億元、越南FIC減少33.1
億元、台化寧波減少16.9億元、台化出光減少15.3億元。
2.售價方面：
除丙酮因防疫需求推升行情外，其餘石化、塑膠、紡纖產品受疫情及油價下跌影響，
價格較去年大幅下跌。
(二)2020年前3季合併稅前利益120.4億元與2019年前3季比較，減少208.6億元，衰退
63.4％，主要為：
1.營業利益減少95.5億元：
受疫情影響，市場需求驟減，原油及石化產品價格大跌，第2季各國陸續解封並重啟
經濟，大陸市場恢復明顯，但整體仍尚未回復至疫情前水準，且受大陸新產能開出，
石化產品價格呈現弱勢，致前3季營業利益較去年大幅減少。
2.營業外淨收益減少113.1億元：
(1)權益法投資收益減少67.1億元，主要塑化減少78.3億元、麥電增加10億元。
(2)股利收入減少47.8億元，主要係南亞科減少18.8億元、南亞減少11.6億元、
台塑減少6.8億元、亞太減少2.5億元。
(3)兌換損失增加9.2億元。(今年兌損4.6億元；去年兌盈4.6億元)。
(4)達興出售新化廠土地及建物利益增加8.2億元。
(三)2020年前3季歸屬母公司稅後利益為97億7,780萬元，每股稅後盈餘1.67元，
比2019年前3季每股盈餘4.63元，減少2.96元，衰退63.9%。",self_assessed_eps,A,0.2,元,8.2,元,月,mops_api_t05st01,mops_1326_20201008_133409_2,0.99
mops_1435_20201104_185119_2,1435,中福,上市公司,,2020-11-04,18:51:19,2020-11-04,修正最近一月自結數數據及最近一季累計數改為單計數。,"1.事實發生日:109/11/04
2.發生緣由:依台灣證券交易所股份有限公司通知辦理。
3.財務業務資訊:
期間           (月)                    (單季)               (最近四季累計)
         最近一月   與去年同期   最近一季  與去年同期  (108年3季至109年2季)
科目     (109年09月)    增減%    (109年2季)    增減%
        (合併自結數)             (合併核閱數)              (合併核閱數)
===========================================================================
營業數入  1,267      -31.62%      3,819     -28.52%         18,080
(仟元)
稅前淨利 -5,620    -1,719.60%     4,156     407.45%         -1,270
(仟元)
本期淨利 -5,620    -1,719.60%     4,156     407.45%         -1,334
(仟元)
每股盈餘  -0.04        -500%       0.03        200%          -0.01
(元)
4.有無「臺灣證券交易所股份有限公司對有價證券上市公司重大訊息之查證暨公開處理
  程序」第4條所列重大訊息之情事（如「有」，請說明）:無。
5.有無「臺灣證券交易所股份有限公司對有價證券上市公司重大訊息之查證暨公開處理
  程序」第11條所列重大訊息說明記者會之情事:無。
6.完整財務資訊請至公開資訊觀測站查閱，路徑如下：
(1)近期營業收入及損益資訊：基本資料>精華版
(2)歷史每月營業收入：營運概況>每月營收>採用IFRSs後之月營業收入資訊
(3)歷史損益(會計師查核/核閱數)：財務報表>採IFRSs後>合併/個別報表>綜合損益表
(4)歷史損益(自願性公告自結數)：營運概況>自結損益公告:
7.其他應敘明事項:無。",self_assessed_eps,A,-0.04,元,,元,月,mops_api_t05st01,mops_1435_20201104_185119_2,0.95
mops_1303_20210108_135526_2,1303,南亞,上市公司,,2021-01-08,13:55:26,2021-01-08,公告本公司2020年第4季自結合併損益,"1.事實發生日:110/01/08
2.公司名稱:南亞塑膠工業股份有限公司。
3.與公司關係(請輸入本公司或子公司):本公司。
4.相互持股比例:不適用。
5.發生緣由:公告本公司2020年第4季自結合併損益。
6.因應措施:無。
7.其他應敘明事項:
一、2020年第4季自結合併損益與2020年第3季比較：
2020年第4季EPS 1.53元，較第3季成長17.50%，主要是本業獲利大幅成長，單季
合併營業利益105.7億元，創下IFRSs合併財報實施(2013)以來的單季新高，其中
台灣母公司56.9億元(53.8%)獲利貢獻最多，大陸公司35.1億元(33.2%)，
美國公司2.1億元(2.0%)，其他子公司(南電等)11.6億元(11.0%)。
(一)2020年第4季合併營業額為793億7,715萬元，較上季增加115億8,694萬元，
成長17.09%，其中銷售量差增加56.4億元，銷售價差增加59.5億元。
1.地區別：
台灣營收增加74.6億元(+20.07%)；大陸營收增加39.0億元(+16.80%)；美國營收
增加2.3億元(+3.08%)。
2.產品別：
電子材料產品因無線通訊、線上經濟持續推升電腦、伺服器、網通需求，單季
合併營收達353.5億元，占本公司合併營收44.5%，比重最高，較上季增加
44.1億元(+14.26%)；營收占比次高為化工產品(24.3%)，第4季因BPA、可塑劑
在大陸及亞洲市場需求旺盛，營收大幅成長50.4億元(+35.43%)；塑膠產品需求增溫，
營收增加11.6億元(+11.01%)；聚酯產品度過疫情之封鎖期後，營運強勁反彈，營收
增加10.0億元(+9.09%)。
(二)合併稅前利益較上季增加18億8,750萬元：
1.營業利益105.7億元，較上季增加60.9億元，大幅成長136.06%：
第4季市場消費與產業活動轉趨活絡，本公司本業獲利顯著增加。
(1)地區別：
台灣及大陸顯著增加44.6億元、16.6億元，美國微幅減少0.3億元。
(2)產品別：
電子材料產品利益占比最高(41.0%)，主要是銅箔基板一系列的產品，比上季獲利
增加13.4億元(受惠於資通訊產業之革新、消費型電子與車用電子市場之增溫)；
化工產品占31.4%，比上季獲利大幅增加36.6億元(係BPA、可塑劑需求佳，利差擴大)；
而聚酯產品及塑膠產品的獲利也有增加。
2.權益法投資收益33.3億元，較上季減少19.9億元：
(1)認列台塑石化23.8億元(影響本公司EPS 0.30元)，較上季減少12.9億元；
(2)認列麥寮汽電0.4億元(影響本公司EPS 0.01元)，較上季減少7.7億元；
(3)認列南亞科2.7億元(影響本公司EPS 0.03元)，較上季減少2.1億元。
子公司南亞電路板本季獲利優於上季，其因本公司持股66.97%，故在合併財報中列入
本業，不計入權益法投資收益。
3.第4季無股利收入，較上季不利22億元：
(1)上季認列台塑13億元；
(2)上季認列台化5.3億元；
(3)上季認列亞太投資1.6億元。
4.外幣兌損6.9億元，較上季不利2.1億元。主要是第4季台幣兌美元升值幅度大於
第3季，因此認列兌換損失較多。
(三)2020年第4季歸屬母公司稅後利益為121億7,199萬元，每股稅後盈餘1.53元。
二、2020年度自結合併損益與2019年度比較：
2020年EPS 3.24元，比2019年成長11.38%，其中本業營業利益大幅增加113.3億元，
成長114.65%。雖然因疫情等大環境因素，使權益法投資收益等業外收入顯著減少，
但在本業獲利挹注之下，全年稅後淨利仍能逆勢成長。
2020年本業營業利益212.2億元中，台灣母公司91.7億元(43.2%)貢獻最多，其次為
大陸公司78.1億元(36.8%)，美國公司4.7億元(2.2%)，
其他子公司(南電等)37.7億元(17.8%)。
(一)2020年合併營業額為2,733億4,944萬元，較2019年減少129億5,361萬元，其中
銷售量差增加118.6億元，銷售價差減少248.1億元。
1.地區別：
因新冠肺炎疫情影響上半年全球消費動能，及油價下跌32.5%
(杜拜均價：2020年42.65美元/桶，2019年63.21 美元/桶)，使台灣營收減少
60.8億元(-3.73%)、大陸營收減少8.0億元(-0.90%)、美國營收減少60.8億元
(-17.26%)。
2.產品別：
電子材料產品為本公司營收比重最高的產品(占43.8%)，2019下半年在5G建設的影響
之下，營運已明顯增溫，而2020年在5G應用持續發展及疫情期間遠端商務、
教學的帶動之下，營收與獲利更進一步增加，縱然油價因素拉低了產品售價，
但全年營收仍比2019年增加75.2億元，成長6.70%。
在其他產品方面，受到油價大幅下滑及上半年原物料價格偏低影響，各產品營收減少：
聚酯減少115.8億元(-20.99%)、化工減少72.8億元(-10.09%)、
塑膠減少16.1億元(-3.78%)。
(二)合併稅前利益較2019年增加37億6,062萬元，主要為：
1.營業利益212.2億元，較2019年增加113.3億元，大幅成長114.65%：
自年初以來，產業面對疫情，由被動因應、設法降低傷害，逐漸轉為積極適應、
從中尋求新經濟商機。本公司2020年本業營業利益逐季增加，於第4季達到高峰。
全年累計營收雖因油價影響而減少，但獲利卻比2019年顯著成長。
(1)地區別：
台灣增加98.4億元、大陸增加29.6億元，其中塑膠、電子材料產品、化工產品獲利都
顯著增加；美國減少14.7億元，主要是EG市況仍不如去年。
(2)產品別：
電子材料產品2020年利益占比最高，達57.5%，主要是銅箔基板一系列的產品，受惠於
資通訊產業及網通應用的快速發展，獲利比2019年大幅增加57.8億元，成長90.2%；
化工產品占比10.8%，因BPA、可塑劑需求大增，獲利增加40.5億元；
塑膠產品占比16.8%，獲利增加7.8億元；聚酯產品占比7.8%，獲利增加0.7億元。
2.權益法投資收益67.0億元，較2019年減少51.4億元：
(1)認列台塑石化17.3億元(影響本公司EPS 0.22元)，較2019年減少67.7億元
(影響本公司EPS減少0.85元)；
(2)認列南亞科22.7億元(影響本公司EPS 0.36元)，較2019年減少6.6億元。
(3)認列麥寮汽電16.7億元(影響本公司EPS 0.21元)，較2019年增加11.2億元。
3.股利收入不利10億元，主要是台塑減少4.1億元、台化減少3.4億元、
亞太投資減少2.5億元。
4.外幣兌損12.6億元，較2019年不利13.6億元，主要是2019年台幣貶值，2020年台幣
升值，因此相對不利。
(三)2020年歸屬母公司稅後利益為257億178萬元；每股稅後盈餘3.24元。",self_assessed_eps,A,1.53,元,,元,季,mops_api_t05st01,mops_1303_20210108_135526_2,0.95
mops_1303_20210409_133322_2,1303,南亞,上市公司,,2021-04-09,13:33:22,2021-04-09,公告本公司2021年第1季自結合併損益,"1.事實發生日:110/04/09
2.公司名稱:南亞塑膠工業股份有限公司。
3.與公司關係(請輸入本公司或子公司):本公司。
4.相互持股比例:不適用。
5.發生緣由:公告本公司2021年第1季自結合併損益。
6.因應措施:無。
7.其他應敘明事項:
一、2021年第1季自結合併損益與2020年第4季比較：
本公司2021年第1季合併營業額897.1億元、合併營業利益163.5億元，皆為IFRSs合併
財報實施(2013)以來的單季新高；而歸屬母公司稅後利益176.5億元、EPS2.23元，
則為本公司自上市以來的同期(歷年第1季)新高。
第1季合併營業利益163.5億元，較前一季大幅成長54.64%，獲利之中以台灣母公司
89.6億元(54.8%)貢獻最多，大陸公司54.0億元(33.0%)，其他子公司(南電等)
19.9億元(12.2%)。詳細說明如下：
(一)合併營業額較上季增加103億2,917萬元，成長13.01%，其中銷售量差減少8.3億元，
銷售價差增加111.6億元。
1.地區別：
台灣營收增加66.0億元(+14.78%)；大陸營收增加29.6億元(+10.91%)；美國營收增加
7.8億元(+10.22%)。
2.產品別：
延續5G題材及疫情引發的遠距經濟，再加上電動車與車用智能系統的崛起與快速發展，
使電子材料產品供不應求，單季合併營收達393.8億元，占本公司合併營收43.9%，
比重最高，較上季增加40.3億元(+11.40%)；營收占比次高為化工產品(27.1%)，第1季
因BPA、可塑劑、EG需求旺盛，加上化工原料因德州氣候等因素致市場供給不足，推升
產品價格大漲，使營收大幅成長50.6億元(+26.26%)；聚酯產品在全球經濟逐步復甦的
帶動下，營收增加12.9億元(+10.79%)。
(二)合併稅前利益較上季增加81億1,348萬元：
1.營業利益163.5億元，較上季增加57.8億元，成長54.64%：
各國陸續施打疫苗，使全球民眾對於生活即將恢復正常，信心大增，消費動能顯著
增加，加上第1季又有德州氣候、日本地震、及蘇伊士運河擱淺等事件，使得原物料
供給不足、交期普遍延長、產品漲價；此外，遠距商務、5G、AI、物聯網的持續發展
未曾停歇，而新興技術更結合了潛力無窮的電動車、智慧車行業，甚至環保概念也
帶動了回收材料、差異化產品的開發。在以上多重因素引領之下，本公司第1季營運
大幅增溫，獲利良好。
(1)地區別：
因各項產品市況佳，使台灣獲利大幅增加27.5億元、大陸也顯著增加31.9億元。
而美國小幅減少1.7億元，係因德州EG-1工檢，及剛加入營運的新廠EG-2因上游原料
供應不足，致產量較低，產能未開部分仍須提列折舊等固定成本，導致獲利略減少。
(2)產品別：
電子材料產品利益占比最高(43.9%)，主要是銅箔基板、環氧樹脂等一系列的產品，
受惠於遠距經濟、消費型電子與車用電子市場之增溫，獲利大增；化工產品占40.0%，
因可塑劑、BPA、1.4BG、EG需求成長，獲利也大幅增加；此外聚酯產品的獲利也有
增加，塑膠產品營運維持良好，獲利較上季持平。
2.權益法投資收益53.3億元，較上季增加20.6億元：
(1)認列台塑石化41.4億元(影響本公司EPS0.52元)，較上季增加17.7億元；
(2)認列南亞科8.0億元(影響本公司EPS0.10元)，較上季增加5.2億元。
3.外幣兌損1.0億元，較上季有利5.7億元。主要是2021年第1季台幣兌美元升值幅度
小於2020年第4季，因此認列兌換損失較少。
(三)2021年第1季歸屬母公司稅後利益為176億5,362萬元，每股稅後盈餘2.23元。
二、2021年第1季自結合併損益與2020年第1季比較：
2021年第1季EPS2.23元，比2020年第1季大幅成長16倍，其中本業及投資收益都大幅度
成長，詳細說明如下：
(一)合併營業額較2020年第1季增加241億5,318萬元，其中銷售量差增加129.9億元，
銷售價差增加111.6億元。
1.地區別：
因疫情逐漸控制，使台灣營收比去年同期增加113.2億元(+28.37%)、大陸營收增加
127.2億元(+73.36%)、美國營收增加1.1億元(+1.34%)。
2.產品別：
電子材料產品為本公司營收比重最高的產品(占43.9%)，在5G建設的推進之下，自2019年
下半年起營運逐漸成長，2020年面臨新冠疫情仍發展出遠端經濟的商機，而2021年第1季
在上述題材進一步發揮並結合電動車、ADAS(先進駕駛輔助系統)等新興需求之下，
營收與獲利更進一步增加，營收比2020年第1季增加132.4億元，成長50.62%。
在其他產品方面，受惠於景氣逐漸復甦，各產品營收皆成長：化工增加73.8億元
(+43.51%)、塑膠增加23.0億元(+24.79%)、聚酯增加10.7億元(+8.80%)。
(二)合併稅前利益較2020年第1季增加197億1,377萬元，主要為：
1.營業利益163.5億元，較2020年第1季增加134.9億元，大幅成長472.81%：
2020年第1季新冠肺炎疫情擴散，產業市況低迷。2021年第1季的獲利則呈現跳躍式的
成長。
(1)地區別：
台灣及大陸分別大幅增加78.5億元、58.2億元。而美國小幅減少1.8億元，主要是德州
EG-1 2021年第1季全季停車工檢，且去年第1季疫情在美國尚未擴散。
(2)產品別：
電子材料產品2021年第1季利益占比最高，達43.9%，主要是銅箔基板一系列的產品，
受惠於資通訊產品及遠距商務的需求成長，獲利比2020年第1季大幅增加；化工產品
占比40.0%，因疫情受控之後全球消費動能強勁反彈，BPA、可塑劑、EG需求大增，
獲利增加68.3億元；聚酯產品占比9.0%，獲利增加12.1億元；塑膠產品占比6.4%，
獲利增加4.8億元。
2.權益法投資收益53.3億元，較2020年第1季有利68.0億元：
(1)認列台塑石化41.4億元(影響本公司EPS0.52元)，較2020年第1季有利64.4億元；
(2)認列南亞科8.0億元(影響本公司EPS0.10元)，較2020年第1季增加2.2億元。
3.外幣兌損1.0億元，較2020年第1季不利3.7億元，主要是2021年第1季台幣升值，
2020年第1季台幣貶值，因此相對不利。
(三)2021年第1季歸屬母公司稅後利益為176億5,362萬元；每股稅後盈餘2.23元。",self_assessed_eps,A,2.23,元,,元,季,mops_api_t05st01,mops_1303_20210409_133322_2,0.95
mops_1326_20210409_133658_2,1326,台化,上市公司,,2021-04-09,13:36:58,2021-04-09,公告本公司2021年第1季自結合併損益,"1.事實發生日:110/04/09
2.公司名稱:臺灣化學纖維股份有限公司
3.與公司關係(請輸入本公司或子公司):本公司
4.相互持股比例:不適用
5.發生緣由:公告本公司2021年第1季自結合併損益
6.因應措施:無
7.其他應敘明事項:
一、2021年第1季自結合併損益與2020年第4季比較：
(一)2021年第1季營業額與2020年第4季比較成長15.7％，其中量差減少8.1億元，
售價差增加122.5億元。
1.售量方面：
(1)台化：減少13億元
第1季逢農曆春節營業天數少，且庫存水位低需調節庫存，塑料、SM、酚酮等減少銷售
33.2億元，另PX、BZ市況良好，加工價差改善，芳香烴三廠逐步恢復全產，OX、
萃餘油、氫氣等增產，銷售增加20.2億元。
(2)越南FIC：受農曆春節停機影響，銷售減少4.7億元。
(3)台化寧波：增加7億元
苯酚廠上季安排定檢及產能去瓶頸工程，今年產銷正常，影響16.8億元;PS、ABS、PTA
、電力受農曆春節影響，銷售減少9.8億元。
(4)福懋增加4.3億元，主要第1季為長纖布傳統旺季，且疫情趨緩需求提升，增加
銷售。
2.售價方面：
台化增加72.9億元，寧波增加23.9億元，越南興業增加6.4億元，福懋增加5.7億元，
台化出光增加5.6億元，主要係市場需求強勁、同業異常及美國德州冰風暴影響，推升
原油價格及石化塑膠產品上漲，與去年第四季比較，以SM、PS、ABS、PIA、苯酚、醋酸
、耐隆粒(絲)及福懋簾布絲漲幅較大。
(二)2021年第1季合併稅前利益167.6億元與2020年第4季比較，增加40.2億元，成長
31.5%，主要為：
1.營業利益增加30.5億元：
主要受市場需求持續強勁，推升成品價格及加工價差，影響本季營業利益較上季成長。
2.合併營業外淨收益增加9.7億元：
(1)權益法投資收益增加14.4億元，其中塑化增加15.1億元。
(2)其他收入減少7.9億元，主要係去年第4季認列ARO-3保險理賠收入6.9億元。
(3)兌損減少0.9億元(1.5億元/本季；2.4億元/上季)。
(三)2021年第1季歸屬母公司稅後利益為128億7,384萬元，每股稅後利益2.20元，比
第2020年4季每股盈餘1.67元，增加0.53元，成長31.7%。
二、2021年第1季自結合併損益與2020年第1季比較：
(一)2021年第1季營業額與2020年第1季比較成長30.6％，其中量差增加81.7億元，
售價差增加115.4億元。
1.售量方面：
(1)台化：增加42.5億元
除酚酮因第1季定檢及耐隆絲調整產品組合，減少銷售無利潤產品，合計減少8.6億元外
，其餘主要產品因疫情趨緩、市場需求提升，產銷增加50.9億元。
(2)台化寧波增加40.2億元、台化出光增加4.9億元：
疫情減緩、市場需求提升及酚酮完成產能擴建，影響銷售增加。
(3)福懋：減少5億元
服飾消費市場逐漸擺脫疫情影響，但長纖仍較同期減少4.4億元。
2.售價方面：
疫情減緩，市場需求較去年同期大幅增加，加上同業異常及美國德州冰風暴影響，推升
油價及石化塑膠產品上漲。
(二)2021年第1季合併稅前利益167.6億元與2020年第1季比較，增加208.6億元，
主要為：
1.營業利益增加145.5億元：
疫情影響逐漸降低，全球經濟呈現復甦，大陸內需及外貿帶動下，石化塑膠產品價格
回升，影響營業利益增加。
2.營業外淨收益增加63.1億元：
(1)權益法投資收益增加61.5億元；主要塑化增加62.4億元。
(三)2021年第1季歸屬母公司稅後利益為128億7,384萬元，每股稅後盈餘2.2元，比2020
年第1季每股虧損0.79元，增加2.99元。",self_assessed_eps,A,1.67,元,,元,季,mops_api_t05st01,mops_1326_20210409_133658_2,0.95
mops_1418_20210412_162223_2,1418,東華,上市公司,,2021-04-12,16:22:23,2021-04-12,"係因本公司有價證券於集中交易市場達公布注意交易資訊
標準，故公布相關財務業務等重大訊息，以利投資人區別瞭解。","1.事實發生日:110/04/12
2.發生緣由:依台灣證券交易所之通知規定辦理
3.財務業務資訊:
科  期   最近一月   與 去 年    最近一季    與 去 年    最近四季累計
目  間  (110年2月) 同期增減%  (109年第3季) 同期增減% (109年第1季~109年第4季)
           (母公司自結數)        (IFRS合併核閱數)    (IFRS合併核閱及查核數)
======== ===================  ======================  ===================
營業收入      3      -73          28      -13               100
(百萬)
稅前純益    -19       -5         -34       41              -221
(百萬)
稅後純益    -19       -5         -41       29              -228
(百萬)
每股盈餘   -0.35       5        -0.76      29             -4.20
(元)
4.有無「臺灣證券交易所股份有限公司對有價證券上市公司重大訊息之查證暨公開處理
  程序」第4條所列重大訊息之情事（如「有」，請說明）:無
5.有無「臺灣證券交易所股份有限公司對有價證券上市公司重大訊息之查證暨公開處理
  程序」第11條所列重大訊息說明記者會之情事:無
6.完整財務資訊請至公開資訊觀測站查閱，路徑如下：
(1)近期營業收入及損益資訊：基本資料>精華版
(2)歷史每月營業收入：營運概況>每月營收>採用IFRSs後之月營業收入資訊
(3)歷史損益(會計師查核/核閱數)：財務報表>採IFRSs後>合併/個別報表>綜合損益表
(4)歷史損益(自願性公告自結數)：營運概況>自結損益公告:不適用
7.其他應敘明事項:無",self_assessed_profit,B,-0.35,元,-19.0,元,月,mops_api_t05st01,mops_1418_20210412_162223_2,0.75
mops_1303_20210709_133348_2,1303,南亞,上市公司,,2021-07-09,13:33:48,2021-07-09,公告本公司2021年第2季自結合併損益,"1.事實發生日:110/07/09
2.公司名稱:南亞塑膠工業股份有限公司。
3.與公司關係(請輸入本公司或子公司):本公司。
4.相互持股比例:不適用。
5.發生緣由:公告本公司2021年第2季自結合併損益。
6.因應措施:無。
7.其他應敘明事項:
一、2021年第2季自結合併損益與2021年第1季比較：
本公司2021年第2季達到營運高峰，合併營業額1,039.9億元、營業利益230.4億元，
稅前利益287.2億元，皆創下IFRSs合併財報實施以來的單季新高；而歸屬母公司
稅後利益230.4億元、EPS2.90元，則為上市以來的歷史次高，僅次於2016年第4季
(該季EPS 3.36元，係因有出售股票利益，且當時所得稅率較低)。
第2季合併營業利益230.4億元，較前一季大幅成長41.9%，獲利之中以台灣母公司
124.1億元(53.9%)貢獻最多，大陸公司69.2億元(30.0%)，其他子公司(南電等)
37.1億元(16.1%)。
詳細說明如下：
(一)合併營業額較上季增加142億7,729萬元，成長15.9%，其中銷售量差增加
36.7億元，銷售價差增加106.1億元。
1.地區別：
台灣營收增加88.6億元(+17.3%)；大陸營收增加36.6億元(+12.2%)；美國營收增加
17.6億元(+20.9%)。
2.產品別：
各產品營收皆有增加，其中電子材料產品單季營收達461.8億元，占本公司44.4%，
比重最高，較上季增加68.0億元(+17.3%)，主要是電腦、網通、家電需求維持高檔
所致；營收占比次高為化工產品(27.8%)，因全球景氣復甦的腳步持續推進，BPA、
可塑劑、1.4BG等產品價格大漲，使營收增加45.5億元(+18.7%)；聚酯及塑膠產品
隨著市場需求增溫，營收也有成長。
(二)合併稅前利益較上季增加69億4,935萬元：
1.營業利益230.4億元，較上季增加68.1億元，成長41.9%：繼上季的獲利創下新高
之後，本季全球的消費動能持續強勁，產品利差再擴大，本公司獲利再度攀上高峰。
(1)地區別：
台灣大幅增加48.8億元、大陸增加16.6億元、美國增加2.6億元。
(2)產品別：
電子材料產品利益占比最高(47.1%)，主要是銅箔基板等產品，受惠於遠距上班(WFH)
商機擴大及電動車、智慧車持續發展，獲利大增；化工產品占40.1%，因可塑劑、
BPA、1.4BG市況良好，獲利也顯著增加；此外聚酯產品的獲利也有增加；塑膠產品
營運維持良好，獲利較上季持平。
2.權益法投資收益59.9億元，較上季增加6.6億元：
(1)認列南亞科18.1億元(影響本公司EPS 0.23元)，較上季增加10.2億元；
(2)認列台塑烯烴美國公司5.5億元(影響本公司EPS0.07元)，較上季增加5.0億元；
(3)認列台塑石化31.4億元(影響本公司EPS 0.40元)，較上季減少9.9億元。
3.外幣兌損5.9億元，較上季增加4.9億元。主要是2021年第2季台幣兌美元升值幅度
大於2021年第1季，因此認列兌換損失較多。
(三)2021年第2季歸屬母公司稅後利益為230億3,819萬元，每股稅後盈餘2.90元。
二、2021年上半年自結合併損益與2020年上半年比較：
本公司2021年上半年營運成果良好，合併營業額、營業利益、稅前利益皆為IFRSs
合併財報實施以來的新高，而歸屬母公司稅後利益及EPS (5.13元)，則為上市以來
的歷史新高。詳細說明如下：
(一)合併營業額較2020年上半年增加675億1,658萬元，其中銷售量差增加278.8億元，
銷售價差增加396.4億元。
1.地區別：
台灣增加363.5億元(+48.5%)、大陸增加266.5億元(+71.8%)、美國增加45.2億元
(+32.1%)。
2.產品別：
電子材料產品為本公司營收比重最高的產品(占44.2%)，今年以來訂單持續滿載。
受惠於全球電腦及網路通訊需求大增、5G產業發展，及電動車、智慧車快速崛起，
使電子材料產品營運績效大幅躍進，營收比2020年上半年增加320.6億元，
成長59.9%。
在其他產品方面，受惠於景氣復甦，各產品營收皆顯著成長：化工增加
218.5億元(+69.6%)、聚酯增加77.0億元(+37.3%)、塑膠增加52.5億元(+28.0%)。
(二)合併稅前利益較2020年上半年增加455億630萬元，主要為：
1.營業利益392.8億元，較2020年上半年增加331.0億元，大幅成長536.4%：
2020年上半年受到疫情影響，產業活動停頓，景氣低迷，而2021年上半年全球經濟
活力強勁反彈，本公司獲利也呈現跳躍式的成長。
(1)地區別：
台灣增加196.1億元，大陸增加132.7億元，美國增加2.3億元。
(2)產品別：
電子材料產品利益占比最高，達45.6%，主要是銅箔基板一系列的產品，在電腦、
通訊、遊戲機、汽車等領域的開發與銷售成果大有斬獲，獲利大增；化工產品
占比40.2%，由於全球消費動能顯著回溫，加上局部地區因氣候因素使原料供給
受限，導致各種化工產品供不應求、價格大漲，獲利大幅成長；此外聚酯產品及塑膠
產品的獲利，也都有明顯增加。
2.權益法投資收益113.2億元，較2020年上半年有利132.7億元：
(1)認列台塑石化72.8億元(影響本公司EPS 0.92元)，較2020年上半年有利115.9億元；
(2)認列南亞科26.1億元(影響本公司EPS 0.33元)，較2020年上半年增加10.8億元。
(3)認列台塑烯烴美國公司5.9億元(影響本公司EPS0.07元)，較2020年上半年增加
4.6億元。
3.外幣兌損6.9億元，較2020年上半年增加6.0億元，主要是2021年上半年台幣升值
幅度大於2020年上半年，因此認列兌換損失較多。
(三)2021年上半年歸屬母公司稅後利益為406億9,291萬元；每股稅後盈餘5.13元。",self_assessed_eps,A,2.9,元,,元,季,mops_api_t05st01,mops_1303_20210709_133348_2,0.95
mops_1326_20210709_133225_2,1326,台化,上市公司,,2021-07-09,13:32:25,2021-07-09,公告本公司2021年第2季自結合併損益,"1.事實發生日:110/07/09
2.公司名稱:臺灣化學纖維股份有限公司
3.與公司關係(請輸入本公司或子公司):本公司
4.相互持股比例:不適用
5.發生緣由:公告本公司2021年第2季自結合併損益
6.因應措施:無
7.其他應敘明事項:
一、2021年第2季自結合併損益與2021年第1季比較：
(一)2021年第2季營業額與2021年第1季比較，增加117.2億元，成長13.9％，其中量差
增加15.2億元，售價差增加102億元。
1.售量方面：
(1)台化：增加19.4億元
PX加工價差改善，增加銷售14.9億元；合成酚廠上季工檢，本季正常，酚酮銷售增加
9.3億元；PS、ABS下游開工率提升，銷售增加6億元。另PIA及SM安排第2季定檢且客戶
購料心態保守觀望，銷售減少6億元；PTA客戶船期延後，減少2.3億元。
(2)台化寧波：增加2.6億元
苯酚上季受農曆春節影響產銷量，本季正常，銷售增加2.8億元。
(3)台化出光：下游客戶無力追價需求減緩，銷售減少6.1億元。
2.售價方面：
台化增加54.7億元，寧波增加20億元，越南增加5.9億元，台化出光等子公司增加21.3
億元，主要係市場需求成長、天災及同業異常影響，推升原油價格及石化、塑膠、紡纖
產品上漲。
(二)2021年第2季合併稅前利益165.2億元與2021年第1季比較，減少2.4億元，衰退1.4%
，主要為：
1.營業利益增加6.4億元：
部份國家疫情控制良好，市場需求湧現，推升成品價格及加工價差，惟原油及原料成本
亦大幅上漲，使本季營業利益較上季僅微幅增長。
2.合併營業外淨收益減少8.8億元：
(1)權益法投資收益減少4.7億元，其中塑化減少6.5億元，麥電增加1.4億元。
(2)兌損增加1.9億元(-3.5億元/本季；-1.6億元/上季)。
(三)2021年第2季歸屬母公司稅後利益為123億9,005萬元，每股稅後利益2.12元，
比第2021年1季每股盈餘2.2元，減少0.08元，衰退3.6%。
二、2021年上半年自結合併損益與2020年上半年比較：
(一)2021年上半年營業額與2020年上半年比較，增加596億元，成長49.5％，其中量差
增加155.7億元，售價差增加440.3億元。
1.售量方面：
(1)台化：增加96.3億元
除酚酮安排定檢、耐隆絲調整產品組合，減少銷售無利潤產品，合計減少8.8億元外，
其他主要石化及塑膠產品因疫情較去年和緩，市場需求大幅成長，銷售增加103.7億元。
(2)台化寧波增加35.3億元、越南FIC增加13.9億元：
寧波酚酮及PIA陸續完成產能擴建、越南調整生產結構，增加銷售工程用塑膠粒，加上
疫情趨緩，經濟復甦需求良好，銷售均增加。
2.售價方面：
疫情減緩及疫苗接種率提高，市場動能較去年大幅增加，加上天災及同業異常影響，
推升油價及石化塑膠產品上漲。
(二)2021年上半年合併稅前利益332.7億元與2020年上半年比較，增加353.8億元，
主要為：
1.營業利益增加251.8億元：
各國疫後經濟復甦，市場需求彈升，加上大陸內需及外貿帶動下，石化塑膠產品價格
上漲幅度大於原料，營業利益增加。
2.營業外淨收益增加102億元：
(1)權益法投資收益增加114.8億元，主要係塑化增加117.4億元。
(三)2021年上半年歸屬母公司稅後利益為252億6,298萬元，每股稅後盈餘4.32元，
比2020年上半年每股虧損0.59元，增加4.91元。",self_assessed_eps,A,2.2,元,,元,季,mops_api_t05st01,mops_1326_20210709_133225_2,0.95
mops_1303_20211008_133432_2,1303,南亞,上市公司,,2021-10-08,13:34:32,2021-10-08,公告本公司2021年第3季自結合併損益,"1.事實發生日:110/10/08
2.公司名稱:南亞塑膠工業股份有限公司。
3.與公司關係(請輸入本公司或子公司):本公司。
4.相互持股比例:不適用。
5.發生緣由:公告本公司2021年第3季自結合併損益。
6.因應措施:無。
7.其他應敘明事項:
一、2021年第3季自結合併損益與2021年第2季比較：
本公司2021年第3季延續了上季的營運動能，單季合併營業額1,099.3億元、
營業利益226.5億元、稅前利益297.5億元、稅後EPS 2.92元，皆創下史上
同期最高。主要是今年以來電子材料產品、化工產品成長力道強勁，塑膠、
聚酯產品獲利穩健，使南亞本業獲利較以往年度大幅躍進，前3季累計
EPS達8.05元，已超越歷來全年度的最高紀錄(2007全年EPS 7.75元)。
第3季合併營業利益226.5億元，其中以台灣母公司111.4億元(49.2%)貢獻最多，
大陸公司66.4億元(29.3%)，美國及其他子公司(南電等)48.7億元(21.5%)。
本公司繼第2季經營績效攀高之後，第3季維持在營運高峰，因此與第2季比較，
各項數據大致持平，說明如下：
(一) 合併營業額較上季增加59.4億元，成長5.7%，其中銷售量差增加40.6億元，
銷售價差增加18.8億元。
1.地區別：
台灣營收增加27.2億元(+4.5%)；大陸營收增加21.4億元(+6.4%)；美國營收增加
10.8億元(+10.6%)。
2.產品別：
電子材料產品營運更上層樓，單季營收達493.1億元，占本公司比重最高(44.9%)，
較上季增加31.4億元(+6.8%)；營收占比次高為化工產品(29.0%)，BPA、1.4BG、
可塑劑市況都維持在理想狀態，整體化工產品營收增加29.9億元(+10.3%)；
聚酯及塑膠產品營收穩定持平。
(二) 合併稅前利益較上季增加10.2億元：
1.營業利益226.5億元，較上季減少3.4億元，減幅1.5%：
第2季獲利創下佳績，進入第3季後利益額仍維持在高檔，產品別利差各略有起伏。
(1)地區別：
台灣減少6.6億元，大陸、美國分別增加1.5、1.7億元。
(2)產品別：
電子材料產品利益占比最高(49.3%)，因需求持續旺盛，獲利較上季略增；
化工產品占44.1%，本季利差擴大，獲利小幅增加；聚酯與塑膠產品營運持平，
獲利略為減少。
2.權益法投資收益55.1億元，較上季減少4.8億元：
(1)認列台塑石化23.8億元(影響本公司EPS 0.30元)，較上季減少7.7億元；
(2)認列南亞科22.1億元(影響本公司EPS 0.28元)，較上季增加4.0億元；
(3)認列台塑烯烴美國公司6.8億元(影響本公司EPS 0.09元)，較上季增加1.3億元。
3.股利收入12.3億元，較上季增加12.1億元：
(1)認列台塑7.1億元。
(2)認列台化3.5億元。
(3)認列麥寮港公司0.7億元。
4.外幣兌盈1.4億元，較上季增加7.3億元。主要是2021年第3季台幣兌美元
匯率較穩定，而第2季台幣顯著升值，因此第3季相對有利。
(三) 2021年第3季歸屬母公司稅後利益為231.4億元，每股稅後盈餘2.92元。
二、2021年前3季自結合併損益與2020年前3季比較：
本公司2021年前3季經營成果良好，合併營業額3,036.3億元、營業利益618.8億元、
稅前利益802.5億元、稅後EPS 8.05元皆為同期(歷年前3季)最高，而前3季
EPS 8.05元並已超越歷來全年度最高的7.75元(2007年)，今年全年度獲利已確定
可改寫新高紀錄。2021年前3季與去年比較說明如下：
(一) 合併營業額較2020年前3季大幅增加1,096.5億元，成長56.5%，其中銷售量差
增加389.4億元，銷售價差增加707.1億元。今年以來新能源車、宅經濟、5G、AI、
高速網通等產業陸續崛起與普及，促使電子材料產業急速發展，再加上全球疫情
逐漸得到控制，各國逐步施打疫苗，使民生需求強力反彈，各行業景氣顯著回溫，
帶動本公司各項產品營收大幅增加。
1.地區別：
台灣增加619.8億元(+55.3%)、大陸增加393.0億元(+65.1%)、
美國增加83.7億元(+39.0%)。
2.產品別：
電子材料產品佔本公司營收比重最高(44.4%)，前3季營收比去年同期大幅增加
504.4億元(+59.7%)，主要是受惠於旺盛的需求，訂單持續滿載，且本公司適時
布局擴增產能，今年已有昆山ABF載板、新港銅箔四廠擴建完成加入營運，使營收
及獲利進一步增加。在其他產品方面，受惠於景氣復甦，各產品營收皆顯著成長：
化工增加395.0億元(+86.6%)、聚酯增加117.5億元(+37.2%)、
塑膠增加69.0億元(+23.6%)。
(二) 合併稅前利益較2020年前3季增加634.7億元，主要為：
1.營業利益618.8億元，較2020年前3季增加512.3億元，大幅成長481.1%：
(1)地區別：
台灣增加353.2億元，大陸增加155.1億元，美國增加4.0億元。
(2)產品別：
電子材料產品利益占比最高，達46.9%，今年在汽車、資通訊、風電等行業的蓬勃
發展之下，獲利大增；化工產品占比41.6%，由於全球消費動能強勁，BPA、1.4BG、
可塑劑等化工產品銷售價、量大增，獲利大幅成長；此外聚酯產品及塑膠產品的獲利
也有明顯增加。
2.權益法投資收益168.4億元，較2020年前3季有利134.6億元：
(1)認列台塑石化96.6億元(影響本公司EPS 1.22元)，較2020年前3季有利103.1億元；
(2)認列南亞科48.2億元(影響本公司EPS 0.61元)，較2020年前3季增加28.2億元。
(3)認列台塑烯烴美國12.7億元(影響本公司EPS 0.16元)，較2020年前3季增加
9.6億元。
3.股利收入12.7億元，較去年減少9.7億元：
(1)台塑公司減少5.9億元。
(2)台化公司減少1.8億元。
(3)亞太投資減少0.9億元。
4.外幣兌損5.5億元，較2020年前3季有利0.1億元。由於今年與去年前3季台幣兌美元
匯率皆升值，故皆有發生兌損。
(三) 2021年前3季歸屬母公司稅後利益為638.3億元；每股稅後盈餘8.05元。",self_assessed_eps,A,2.92,元,,元,季,mops_api_t05st01,mops_1303_20211008_133432_2,0.95
mops_1326_20211008_133331_3,1326,台化,上市公司,,2021-10-08,13:33:31,2021-10-08,公告本公司2021年第3季自結合併損益,"1.事實發生日:110/10/08
2.公司名稱:臺灣化學纖維股份有限公司
3.與公司關係(請輸入本公司或子公司):本公司
4.相互持股比例:不適用
5.發生緣由:公告本公司2021年第3季自結合併損益
6.因應措施:無
7.其他應敘明事項:
一、2021年第3季自結合併損益與2021年第2季比較：
(一)2021年第3季營業額與2021年第2季比較，減少47.5億元，衰退5％，其中量差減少
40.5億元，售價差減少7億元。
1.售量方面：
(1)台化：減少15.5億元
ARO-2廠、麥寮PTA廠本季安排定檢，PX、BZ、PTA外售及萃餘油回售台塑化合計減少
28.4億元；PIA供應寬鬆，產銷調度安排寧波就近供應客戶，減少6.2億元。另SM-3廠上
季安排定檢，本季正常，銷售增加14.7億元;PS及ABS下游客戶需求提升，銷售增加4.7
億元。
(2)福懋減少13.1億元、越南FIC減少8.1億元：
主要越南因疫情影響，實施「三就地」防疫政策，開動率降低，上下游供需失衡或中斷
，影響產銷量減少。。
(3)台化出光減少7.7億元、台灣醋酸減少7.5億元：
PC廠及醋酸廠安排9月定檢，影響產銷量減少。
(4)台化寧波：增加11.8億元
酚酮、PIA及MX陸續完成去瓶頸或產能擴建，銷售增加18.4億元;PS及ABS客戶需求提升
，銷售增加7.5億元。另PTA本季安排定檢，銷售減少14.9億元。
2.售價方面：
因新產能投放，市場供應偏鬆，下游客戶觀望並依剛需採購，影響PIA、SM、ABS、PS
、PP減少15.5億元。丙酮因防疫需求減緩，減少8.5億元。PX、萃餘油、PTA及簾布因
油價及原料價格上漲，拉抬售價，增加15.4億元。
(二)2021年第3季合併稅前利益117.1億元與2021年第2季比較，減少47.9億元，衰退
29%，主要為：
1.營業利益減少78.4億元：
受油價及煤價上漲影響，生產成本增加，同業產能開出，供應寬鬆，加上東南亞疫情
持續發威，越南實施三就地防疫政策及大陸能源雙控政策影響，客戶採購心態保守，
部分產品售價弱勢下跌，加工價差縮窄，影響本季利益減少。
2.合併營業外淨收益增加30.5億元：
(1)股利收入增加31億元，主要認列台塑11.7億元、南亞9.9億元、南亞科4.3億元。
(2)權益法投資收益減少9.7億元，其中塑化減少8.8億元。
(3)兌盈增加6億元(+2.3億元/本季，-3.7億元/上季)。
(三)2021年第3季歸屬母公司稅後利益為95億2,145萬元，每股稅後利益1.63元，
比第2021年2季每股盈餘2.12元，減少0.49元，衰退23.1%。
二、2021年前三季自結合併損益與2020年前三季比較：
(一)2021年前三季營業額與2020年前三季比較，增加905.7億元，成長50.2％，其中
量差增加198.2億元，售價差增加707.5億元。
1.售量方面：
(1)台化：增加119.2億元
除酚酮今年安排定檢、PIA市場供應寬鬆及原絲調整產品組合，合計減少9.5億元外，
其他主要石化及塑膠產品因疫情較去年和緩，市場需求大幅成長，銷售增加126.2億元。
(2)台化寧波增加62.5億元、越南FIC增加10.1億元：
寧波酚酮及PIA陸續完成產能擴建、越南調整生產結構， 增加銷售工程塑膠粒，加上
終端產品需求較去年提升，主要產品銷售均增加。
2.售價方面：
疫苗施打率提升，多國防疫措施放寬或解封，市場消費動能恢復，加上天災及同業異常
影響，推升油價及主要石化塑膠成品行情。
(二)2021年前三季合併稅前利益449.7億元與2020年前三季比較，增加329.5億元，主要
為：
1.營業利益增加253.5億元：
各國疫後經濟陸續復甦，市場需求彈升，但受疫情影響，國際貿易秩序尚未恢復正常，
訂單及生產移轉，受惠中國內需外貿走揚，售量提升、售價上漲、利差擴大，營業利益
較去年增加。
2.營業外淨收益增加76億元：
(1)權益法投資收益增加97.9億元，主要係塑化增加109.1億元、麥電減少14.1億元。
(2)股利收入減少20億元(31億元/今年； 51億元/去年)。
(三)2021年前三季歸屬母公司稅後利益為347億9,875萬元，每股稅後盈餘5.95元，
比2020年前三季每股盈餘1.67元，增加4.28元。",self_assessed_eps,A,2.12,元,,元,月,mops_api_t05st01,mops_1326_20211008_133331_3,0.95
mops_1303_20220110_133145_2,1303,南亞,上市公司,,2022-01-10,13:31:45,2022-01-10,公告本公司2021年第4季自結合併損益,"1.事實發生日:111/01/10
2.公司名稱:南亞塑膠工業股份有限公司。
3.與公司關係(請輸入本公司或子公司):本公司。
4.相互持股比例:不適用。
5.發生緣由:公告本公司2021年第4季自結合併損益。
6.因應措施:無。
7.其他應敘明事項:
一、2021年第4季自結合併損益與2021年第3季比較：
本公司2021年第4季營運續佳，雖與第3季尖峰比較，因BPA、可塑劑等產品價格漲高
回跌而使利差縮小，但單季合併營業額及營業利益仍創下歷年第4季最高。
總結2021全年表現，受惠於疫情可控帶來的景氣回溫、電子材料的技術革新與
擴大應用、氣候與航運因素造成的產業供給不順，以及本公司產能擴增等有利
因素，使本公司2021全年營收、獲利皆創新高，EPS達到10.25元，大幅超越歷來
最高的7.75元(2007年)。
本公司第4季自結損益與3季差異說明如下：
(一)合併營業額1,080.4億元較第3季減少18.9億元，減幅1.7%，其中銷售量差增加
4.0億元，
銷售價差減少22.9億元。主要是電子材料產品因原料價格下跌，反應成本調降
售價，致營收略減。其他產品營收穩定持平。
(二)合併稅前利益較第3季減少65.4億元：
1.營業利益191.4億元，較第3季減少34.9億元，減幅15.4%：
電子材料產品對本公司獲利貢獻最大，利益額與上季相當。化工產品方面，BPA、
可塑劑等產品因同業定檢完成、供給增加，市場供需缺口緩解，使前兩季高漲的
產品價格於本季回跌，獲利相對減少。聚酯與塑膠產品營運穩定，獲利與第3季持平。
2.權益法投資收益39.1億元，較第3季減少16.0億元：
(1)認列台塑石化17.5億元(影響本公司EPS0.22元)，較上季減少6.3億元。
(2)認列台塑烯烴美國公司3.3億元(影響本公司EPS0.04元)，較上季減少3.5億元。
(3)認列南亞科18.9億元(影響本公司EPS0.24元)，較上季減少3.2億元。
3.股利收入較第3季不利12.2億元：
(1)上季認列台塑7.1億元。
(2)上季認列台化3.5億元。
(3)上季認列麥寮港公司0.7億元。
4.外幣兌損1.0億元，較上季不利2.7億元。主要是2021年第4季台幣兌美元升值
(27.866→27.690)，致產生兌損。
(三)2021年第4季歸屬母公司稅後利益為174.6億元，每股稅後盈餘2.20元。
二、2021年自結合併損益與2020年比較：
本公司2021年度合併營業額4,116.6億元、營業利益809.9億元、稅前利益
1,034.5億元、歸屬母公司稅後利益812.9億元，以及EPS10.25元，皆創下本公司
的新高紀錄。主要是2021年度全球對疫情適應能力提升，各產業景氣強勁反彈；且
電子應用急速發展，帶動相關產品需求大幅增加；而氣候及航運因素也衝擊了
供應鏈，使產品價格上漲；此外本公司強化全球布局，在台灣、大陸、美國皆有
擴建，也增添了營運動能。綜觀全年，本業獲利豐碩，再加上業外投資收益也顯著
成長，使整體經營績效大幅超越以往，成果良好。
2021年自結損益與2020年比較，說明如下：
(一)合併營業額較2020年大幅增加1,383.1億元，成長50.6%，其中銷售量差增加
446.6億元，銷售價差增加936.6億元。
1.電子材料產品營收增加625.4億元(+52.2%)：延續了2019年的5G建設、AI發展，
與2020年疫情期間廣泛應用的宅經濟、遠距連線，電子材料產品進入2021年初已有
良好的基礎，而在電動車、各種智慧商品需求快速擴張，以及銅箔、ABF載板等
新產能的助益之下，營收更進一步迅速成長，2021全年電子材料產品營收高達
1,823.2億元，占本公司4成以上，貢獻很大。
2.化工產品營收增加523.3億元(+80.6%)：因全球消費動能大幅增溫，且氣候、
海運問題也限制了市場供給，加上本公司德州EG-2廠擴建完成投入營運，使BPA、
1.4BG、EG、可塑劑、PA、2EH等各種產品營收大增。
3.聚酯產品增加147.4億元(+33.8%)、塑膠增加77.0億元(+18.8%)，營收皆明顯優於
2020年。
(二)合併稅前利益較2020年增加730.2億元，主要為：
1.營業利益809.9億元，較2020年增加597.7億元，大幅成長281.7%：
電子材料產品利益占比最高(49.4%)，受惠於全球電子產業蓬勃發展，銅箔基板、
電路板、環氧樹脂、銅箔等產品獲利都顯著成長。化工產品獲利占比次高(40.3%)，
2021年因全球景氣強勁復甦，各項產品需求大增，帶動獲利大幅增加。另外，
聚酯產品的獲利也有顯著提升。
2.權益法投資收益207.4億元，較2020年增加141.0億元：
(1)認列台塑石化114.1億元(影響本公司EPS1.44元)，較2020年增加96.9億元。
(2)認列南亞科67.1億元(影響本公司EPS0.85元)，較2020年增加44.4億元。
(3)認列台塑烯烴美國公司16.0億元(影響本公司EPS0.20元)，較2020年增加
10.3億元。
3.股利收入12.7億元，較去年減少9.6億元：
(1)台塑公司減少5.9億元。
(2)台化公司減少1.8億元。
(3)亞太投資減少0.9億元。
4.外幣兌損6.2億元，較2020年有利6.2億元。主要是2021年台幣兌美元升值幅度小於
2020年，故兌換損失較少。
(三)2021年歸屬母公司稅後利益為812.9億元；每股稅後盈餘10.25元，皆為歷史
新高。",self_assessed_eps,A,0.22,元,,元,季,mops_api_t05st01,mops_1303_20220110_133145_2,0.95
mops_1418_20220110_143925_1,1418,東華,上市公司,,2022-01-10,14:39:25,2022-01-10,"係因本公司有價證券於集中交易市場達公布注意交易資訊
標準，故公布相關財務業務等重大訊息，以利投資人區別瞭解","1.事實發生日:111/01/10
2.發生緣由:依台灣證券交易所之通知規定辦理
3.財務業務資訊:

科  期   最近一月   與 去 年    最近一季    與 去 年    最近四季累計
目  間  (110年11月) 同期增減%  (110年第3季) 同期增減% (109年第4季~110年第3季)
           (母公司自結數)        (IFRS合併核閱數)     (IFRS合併核閱及查核數)
======== ===================  ======================  ===================
營業收入      0      -100           8      -53                63
(百萬)
稅前純益    -11        27         -33       46              -256
(百萬)
稅後純益    -11        27         -33       46              -268
(百萬)
每股盈餘   -0.19       30        -0.60      47              -4.94
(元)
4.有無「臺灣證券交易所股份有限公司對有價證券上市公司重大訊息之查證暨公開處理
  程序」第4條所列重大訊息之情事（如「有」，請說明）:無
5.有無「臺灣證券交易所股份有限公司對有價證券上市公司重大訊息之查證暨公開處理
  程序」第11條所列重大訊息說明記者會之情事:無
6.完整財務資訊請至公開資訊觀測站查閱，路徑如下：
(1)近期營業收入及損益資訊：基本資料>精華版
(2)歷史每月營業收入：營運概況>每月營收>採用IFRSs後之月營業收入資訊
(3)歷史損益(會計師查核/核閱數)：財務報表>採IFRSs後>合併/個別報表>綜合損益表
(4)歷史損益(自願性公告自結數)：營運概況>自結損益公告:不適用
7.其他應敘明事項:無",self_assessed_profit,B,-0.19,元,-11.0,元,月,mops_api_t05st01,mops_1418_20220110_143925_1,0.75
mops_1101_20220124_230454_1,1101,台泥,上市公司,,2022-01-24,23:04:54,2022-01-24,本公司說明民國110年第四季自結歸屬母公司稅後淨利,"1.事實發生日:111/01/24
2.公司名稱:臺灣水泥股份有限公司
3.與公司關係(請輸入本公司或子公司):本公司
4.相互持股比例:不適用
5.發生緣由:
 民國110年第四季自結歸屬母公司稅後淨利約為新台幣51億元，由於受到
 大陸能耗雙控及煤價上漲影響，較去年同期減少約23.9%。
6.因應措施:不適用
7.其他應敘明事項:無",self_assessed_profit,B,,元,1.0,元,季,mops_api_t05st01,mops_1101_20220124_230454_1,0.85
mops_1303_20220411_133111_2,1303,南亞,上市公司,,2022-04-11,13:31:11,2022-04-11,公告本公司2022年第1季自結合併損益,"1.事實發生日:111/04/11
2.公司名稱:南亞塑膠工業股份有限公司。
3.與公司關係(請輸入本公司或子公司):本公司。
4.相互持股比例:不適用。
5.發生緣由:公告本公司2022年第1季自結合併損益。
6.因應措施:無。
7.其他應敘明事項:
一、2022年第1季自結合併損益與2021年第4季比較：
本公司2022年第1季EPS1.90元，為史上同期第二高(僅次於2021年第1季的2.23元)。
去年第1季北美氣候異常衝擊市場供給，導致產品利差顯著擴大；今年雖然產業供給
較為充裕，但因需求動能仍佳，使產品尚能維持良好的利潤，整體獲利達到史上同期
次高。
第1季獲利雖不差，但EPS仍比2021年第4季減少13.9%，主要是第4季獲利仍處於高峰，
及受到春節假期、疫情變化之影響所致。說明如下：
(一)合併營業額1,020.9億元較上季減少59.5億元，減幅5.5%，其中銷售量差減少
39.1億元，銷售價差減少20.4億元。
電子材料產品營收減少39.1億元(-8.2%)，其中電路板因通訊及車用需求依然強勁，
業績維持高峰；其他電子材料則受春節影響，交運量減少。
化工產品營收減少27.5億元(-8.6%)，主要是春節因素與局部地區疫情上升之影響，
下游客戶休息天數較多，及部分產品價格漲高回跌所致。
塑膠產品減少13.0億元(-10.5%)，係因春節假期產銷天數減少。
聚酯產品則因美國市場需求強勁、原料價格推升產品售價，使營收增加20.5億元
(+13.7%)。
(二)合併稅前利益較上季減少31.6億元：
1.營業利益136.0億元，較上季減少55.4億元，減幅28.9%：
電路板因需求旺盛，致獲利增加；其他電子材料產品營運正常，但因春節產銷天數
減少，獲利略為下滑。
化工及塑膠產品市場需求穩定良好，而本季獲利減少，主要因素亦為春節假期影響；
此外部分地區疫情上升造成客戶延後採購，及俄烏衝突使原油及原料價格高漲、
營運成本增加，導致獲利減少。
在聚酯產品方面，其營收及獲利則逆勢上揚，主要係美洲地區聚酯粒、棉需求佳，
且海運成本昂貴使美國廠商增加在地採購，再加上原料成本推升產品售價等因素，
使本公司美國南卡廠營運增溫，獲利增加。
2.權益法投資收益48.2億元，較上季增加9.1億元：
(1)認列台塑石化31.6億元(影響本公司EPS0.40元)，較上季增加14.0億元。
(2)認列台塑烯烴美國公司0.05億元，較上季減少3.2億元。
(3)認列麥寮汽電-3.0億元(影響本公司EPS-0.04元)，較上季不利1.6億元。
3.外幣兌盈11.8億元，較上季有利12.8億元。主要是2022年第1季台幣兌美元匯率
貶值，而第4季則為升值，因此第1季相對有利。
(三)2022年第1季歸屬母公司稅後利益為150.4億元，每股稅後盈餘1.90元。
二、2022年第1季自結合併損益與2021年第1季比較：
本公司2022年第1季EPS1.90元，比2021年第1季減少14.8%。說明如下：
(一)合併營業額較2021年第1季增加123.8億元，成長13.8%，其中銷售量差增加
33.6億元，銷售價差增加90.2億元。
化工產品營收增加50.2億元(+20.6%)，係因油價大漲推升產品售價所致。
電子材料產品營收增加41.6億元(+10.6%)。由於高階通訊與車用需求持續成長，ABF
載板供不應求，營收大增，其他電子材料也維持可觀的營收與獲利。
聚酯產品營收增加37.5億元(+28.3%)，主要是美國地區市況大幅增溫，產品價格顯著
上漲。
塑膠產品營收小幅減少4.2億元(-3.7%)。
(二)合併稅前利益較2021年第1季減少17.2億元，主要為：
1.營業利益136.0億元，較2021年第1季減少26.3億元，減幅16.2%：
化工產品獲利下滑，主要是去年北美嚴寒氣候影響產業供給，使產品利差擴大，今年
則較為正常，故利差縮小。且今年雖因俄烏衝突，使油價大漲推升產品售價，但也被
高昂的原料成本所抵銷，以至於獲利未能增加。
電子材料產品之獲利則有成長，主因為ABF載板需求持續擴張，其他電子材料市況也
維持良好，且本公司ABF載板與銅箔分別有新產能適時加入營運，使整體電子材料產品
本季獲利占比達到公司的6成以上，貢獻再度提升。
聚酯產品獲利增加，係受惠於美國地區需求成長，南卡廠訂單滿載、售價上漲所致。
塑膠產品的獲利則大致持平。
2.權益法投資收益48.2億元，較2021年第1季不利5.1億元：
(1)認列台塑石化31.6億元(影響本公司EPS0.40元)，較2021年第1季減少9.8億元。
(2)認列南亞科19.2億元(影響本公司EPS0.24元)，較2021年第1季增加11.2億元。
(3)認列麥寮汽電-3.0億元(影響本公司EPS-0.04元)，較2021年第1季不利3.0億元。
3.外幣兌盈11.8億元，較2021年第1季有利12.8億元。主要是2022年第1季台幣兌美元
匯率貶值，幅度大於去年第1季，因此今年第1季相對有利。
(三)2022年第1季歸屬母公司稅後利益為150.4億元，每股稅後盈餘1.90元。",self_assessed_eps,A,1.9,元,,元,季,mops_api_t05st01,mops_1303_20220411_133111_2,0.95
mops_1303_20220711_133355_2,1303,南亞,上市公司,,2022-07-11,13:33:55,2022-07-11,公告本公司2022年第2季自結合併損益,"1.事實發生日:111/07/11
2.公司名稱:南亞塑膠工業股份有限公司。
3.與公司關係(請輸入本公司或子公司):本公司。
4.相互持股比例:不適用。
5.發生緣由:公告本公司2022年第2季自結合併損益。
6.因應措施:無。
7.其他應敘明事項:
一、2022年第2季自結合併損益與2022年第1季比較：
本公司2022年第2季雖然受到4月上海疫情管控措施的影響，但EPS仍達到1.81元，
為史上同期第三高(僅次於2021年第2季與2018年第2季)，而合併營業利益則位居
同期第二高(僅次於2021年第2季)，與第1季比較，詳細說明如下：
(一)合併營業額為947.3億元較上季減少73.6億元，減幅7.2%，其中銷售量差
減少91.0億元，銷售價差增加17.4億元。
化工產品營收減54.0億元(-18.4%)，主要是麥寮EG及1.4BG部分產線停車、定檢，
及BPA等產品價格下滑所致。
電子材料產品營收減少40.4億元(-9.3%)，其中電路板因網通、車用載板需求旺盛，
並持續往高階精密產品推進，供需缺口再擴大，營收及獲利再度攀上高峰；其他
電子材料產品則因大陸疫情管制及全球通膨影響，營收減少。
聚酯產品營收增加15.2億元(+8.9%)，係因美國市場需求強勁，加上原料成本推升
產品售價，帶動營收、獲利成長。
塑膠產品增加3.7億元(+3.3%)，係因春節後開工，業績溫和成長。
(二)合併稅前利益較上季減少13.5億元：
1.營業利益101.7億元，較上季減少33.0億元，減幅24.5%：
化工產品獲利減少，係部分產品售價下滑所致。
電路板產品需求擴張，訂單滿載，獲利上揚，其獲利已連續10季增加；其他電子
材料產品因大陸疫情管制措施，影響產業運作，加上全球通膨影響消費力，導致
獲利下滑。
聚酯產品因美國市場需求佳，產線全能運轉，產品售價調高，獲利增加。
塑膠產品營運穩定，本季獲利略為增加。
2.權益法投資收益48.3億元，較上季增加0.1億元：
(1)認列台塑石化39.1億元(影響本公司EPS0.49元)，較上季增加7.6億元。
(2)認列南亞科技19.3億元(影響本公司EPS0.24元)，較上季增加0.1億元。
(3)認列麥寮汽電-7.4億元(影響本公司EPS-0.09元)，較上季不利4.4億元。
(4)認列台灣興業公司-0.9億元(影響本公司EPS-0.01元)，較上季不利2.6億元。
3.股利收入7.3億元，較上季增加7.1億元，主要係認列台化股利收入6.7億元。
4.本季出售土地，有利7.2億元。
5.外幣兌盈12.3億元，較上季有利0.5億元。主要是2022年第2季台幣兌美元匯率
貶值，幅度大於第1季，因此第2季相對有利。
(三)2022年第2季歸屬母公司稅後利益為143.5億元，每股稅後盈餘1.81元。
二、2022年上半年自結合併損益與2021年上半年比較：
本公司2022年上半年EPS3.71元，為史上同期第三高(僅次於2021上半年及2018
上半年)，合併營業利益與稅前利益也都為史上同期第二高(僅次於去年)。與去年
同期比較說明如下：
(一)合併營業額較2021年上半年增加31.2億元，成長1.6%，其中銷售量差減少
53.4億元，銷售價差增加84.6億元。
聚酯產品營收增加71.2億元(+25.1%)，主要是美國地區市況大幅增溫，且原料成本
上漲，使產品售價走高。
化工產品營收小幅增加0.9億元(+0.2%)。
電子材料產品營收減少25.2億元(-3.0%)，其中電路板受惠於車用電子、高階伺服器
及網通需求成長，ABF載板供不應求，營收大增；其他電子材料則因疫情管制影響
出貨，營收減少。
塑膠產品營收減少13.7億元(-5.7%)，主係疫情封控影響。
(二)合併稅前利益較2021年上半年減少117.4億元，主要為：
1.營業利益236.4億元，雖然較2021年上半年減少，但仍優於其他各年度同期。與
去年上半年比較減少155.9億元，說明如下：
化工產品獲利下滑，主要是去年北美嚴寒氣候影響產業供給達數月，使產品利差
擴大，今年供需恢復，利差縮小。
電子材料產品之中，電路板因高值化產品需求成長，獲利大幅增加；其他電子材料
產品因大陸疫情封控，交運量及獲利減少。
塑膠產品獲利減少，係肇因於大陸疫情管制。
聚酯產品獲利成長，係由於美國地區聚酯棉、粒需求旺盛，使產品利差顯著擴大。
2.權益法投資收益96.5億元，較2021年上半年不利16.7億元：
(1)認列台塑石化70.7億元(影響本公司EPS0.89元)，較2021年上半年減少2.1億元。
(2)認列南亞科技38.4億元(影響本公司EPS0.48元)，較2021年上半年增加12.4億元。
(3)認列麥寮汽電-10.5億元(影響本公司EPS-0.13元)，較2021年上半年不利
11.9億元。
(4)認列台塑烯烴(美國)0.5億元(影響本公司EPS0.01元)，較2021年上半年減少
5.4億元。
(5)認列越南台灣興業0.8億元(影響本公司EPS0.01元)，較2021年上半年減少
4.4億元。
3.股利收入7.4億元，較2021年上半年增加7.1億元，主要係認列台化股利收入
6.7億元(去年於第3季認列)。
4.今年上半年出售土地利益7.2億元，去年無，相對有利。
5.外幣兌盈24.2億元，較2021年上半年有利31.1億元。主要是2022年上半年台幣兌
美元匯率貶值，2021上半年為升值，因此今年上半年相對有利。
(三)2022年上半年歸屬母公司稅後利益為294.0億元，每股稅後盈餘3.71元。",self_assessed_eps,A,0.49,元,,元,月,mops_api_t05st01,mops_1303_20220711_133355_2,0.95
mops_1303_20221011_133054_2,1303,南亞,上市公司,,2022-10-11,13:30:54,2022-10-11,公告本公司2022年第3季自結合併損益,"1.事實發生日:111/10/11
2.公司名稱:南亞塑膠工業股份有限公司。
3.與公司關係(請輸入本公司或子公司):本公司。
4.相互持股比例:不適用。
5.發生緣由:公告本公司2022年第3季自結合併損益。
6.因應措施:無。
7.其他應敘明事項:
一、2022年第3季自結合併損益與2022年第2季比較：
本公司2022年第3季EPS0.43元，較第2季衰退76.5%，主要係通膨、升息、俄烏戰爭等
因素影響，全球消費需求普遍下滑，本公司除電路板獲利增加以外，其他產品營運
績效不如上季，再加上認列轉投資台塑石化公司投資損失，使整體獲利減少。說明
如下：
(一)合併營業額825.9億元較上季減少121.4億元，減幅12.8%，其中銷售量差減少
54.8億元，銷售價差減少66.6億元。
化工產品營收減少80.7億元(-33.7%)，係因EG部分產線計畫性停車，及各產品售價
下滑。
聚酯產品營收減少23.6億元(-12.8%)，主要係美國市場通膨影響終端需求所致。
電子材料產品營收減少10.8億元(-2.7%)，其中電路板因車用載板、高端運算、
伺服器等需求擴張，營收及獲利成長；其他電子材料產品因全球經濟成長趨緩，
營收減少。
塑膠產品減少7.1億元(-6.2%)，係受到整體景氣影響。
(二)合併稅前利益較上季減少123.5億元：
1.營業利益31.9億元，較上季減少69.8億元，減幅68.7%：
化工產品因產品售價下滑，獲利減少。
電子材料產品方面，由於高階載板需求持續成長，電路板獲利已連續11季增加；其他
電子材料產品因下游產業保守控制庫存，致獲利不如上季。
聚酯、塑膠產品獲利減少，係市場消費意願降低所致。
2.權益法投資損益-13.4億元，較上季不利61.7億元：
(1)認列台塑石化-14.5億元(影響本公司EPS-0.18元)，較上季不利53.6億元。
(2)認列南亞科技7.7億元(影響本公司EPS0.10元)，較上季減少11.5億元。
3.股利收入27.7億元，較上季增加20.4億元，主要係認列台塑股利收入24.2億元。
4.外幣兌盈17.2億元，較上季有利4.8億元。主要係2022年第3季台幣兌美元匯率
貶值，幅度大於第2季，因此第3季相對有利。
5.上季出售土地利益7.2億元，本季無，相對不利。
(三)2022年第3季歸屬母公司稅後利益為33.7億元，每股稅後盈餘0.43元。
二、2022年前3季自結合併損益與2021年前3季比較：
本公司2022年前3季EPS4.13元，相較於去年同期史上最高的8.05元，減少48.7%。
其中電路板因電動車、伺服器等用途載板需求強勁，獲利進一步顯著增加，其他
產品相較於去年的史上營運高峰，獲利相對下滑，再加上認列台塑石化等投資收益
減少，導致整體獲利不如去年。說明如下：
(一)合併營業額較2021年前3季減少242.1億元，減幅8.0%，其中銷售量差減少
236.9億元，銷售價差減少5.3億元。
化工產品營收減少159.0億元(-18.7%)，主要係EG計畫性停車、BPA等產品售價下跌。
電子材料產品減少134.2億元(-10.0%)，其中電路板需求旺盛，營收增加；其他產品
相較於去年的歷史高峰，營收下滑。
塑膠產品減少27.1億元(-7.5%)，係因終端消費需求減少。
聚酯產品營收增加82.6億元(+19.0%)，主要係原料成本上漲，推升產品售價。
(二)合併稅前利益較2021年前3季減少351.3億元，主要為：
1.營業利益268.2億元，較去年同期減少350.4億元，減幅56.6%，說明如下：
化工產品獲利下滑，主要係去年上半年北美氣候影響產業供給，今年供需較為平衡，
利差縮小。
電子材料產品之中，電路板需求成長且朝高階精密化發展，營運績效大幅成長，
獲利倍增；其他產品因疫情管制影響，獲利減少。
塑膠產品受景氣影響，銷量及獲利減少。聚酯產品獲利持平。
2.權益法投資收益83.1億元，較2021年前3季減少85.3億元：
(1)認列台塑石化56.2億元(影響本公司EPS0.71元)，較2021年前3季減少40.4億元。
(2)認列南亞科技46.2億元(影響本公司EPS0.58元)，較2021年前3季減少2.0億元。
(3)認列台塑烯烴(美國)-2.8億元(影響本公司EPS-0.03元)，較2021年前3季不利
15.5億元。
(4)認列麥寮汽電-10.3億元(影響本公司EPS-0.13元)，較2021年前3季不利12.6億元。
3.股利收入35.1億元，較2021年前3季增加22.5億元，主要係台塑增加17.1億元，
台化增加3.2億元。
4.外幣兌盈41.4億元，較2021年前3季有利46.6億元。主要是2022年前3季台幣兌美元
匯率貶值，2021年前3季為升值，因此今年前3季相對有利。
5.今年前3季出售土地利益7.3億元，去年無，相對有利。
(三)2022年前3季歸屬母公司稅後利益為327.7億元，每股稅後盈餘4.13元。",self_assessed_eps,A,0.43,元,,元,季,mops_api_t05st01,mops_1303_20221011_133054_2,0.95
mops_1303_20230110_133334_2,1303,南亞,上市公司,,2023-01-10,13:33:34,2023-01-10,公告本公司2022年度自結合併損益,"1.事實發生日:112/01/10
2.公司名稱:南亞塑膠工業股份有限公司。
3.與公司關係(請輸入本公司或子公司):本公司。
4.相互持股比例:不適用。
5.發生緣由:公告本公司2022年度自結合併損益。
6.因應措施:無。
7.其他應敘明事項(若事件發生或決議之主體係屬公開發行以上公司，本則重大訊息同時
  符合證券交易法施行細則第7條第9款所定對股東權益或證券價格有重大影響之事項):
一、2022年第4季自結合併損益與2022年第3季比較：
本公司2022年第4季本業獲利優於第3季。雖因原物料價格普遍下跌而使產品售價
調降，但營運成本也因而降低，在電路板需求穩定、大陸電子材料訂單回溫、
塑膠產品內銷成果良好之下，整體合併營業利益達55.1億元，比第3季成長73.2%；
然而，因認列台塑石化等投資損失、股利收入減少、外幣兌損等不利因素，導致
歸屬母公司稅後EPS為-0.08元。
總結全年，相較於2021年的EPS10.25元(史上最高)，2022年因通膨、升息、疫情
管控、俄烏戰爭、能源昂貴等因素，經營環境較為不利。本公司在多角化營運、
全球佈局的基礎下，電路板獲利攀高、銅箔基板等電子材料在兩岸經營穩定，而
聚酯產品在美國、塑膠加工產品在台灣也都創造了一定的獲利，使全年合併營收
3,551.8億元、合併營業利益323.3億元皆創下採用IFRSs合併財報以來的歷年次高
表現(僅次於2021年)。歸屬母公司稅後EPS則為4.05元。
本公司第4季自結損益與第3季差異說明如下：
(一)合併營業額較第3季減少68.2億元，減幅8.3%，其中銷售量差減少58.0億元，
銷售價差減少10.2億元。
聚酯產品營收減少38.2億元，主要係美國感恩節、聖誕節假期下游客戶停機，
及原料價格拉低產品售價所致。
化工產品營收減少26.2億元，係停車定檢及原料價格下跌。
塑膠加工產品減少8.5億元，係因原料價格下跌。
電子材料產品營收增加8.0億元，主要是電路板需求溫和增加，且銅箔基板等電子
材料在下游產業逐漸去化庫存之際，銷售量比第3季增加。
(二)合併稅前利益較第3季減少38.4億元：
1.營業利益55.1億元，較第3季增加23.3億元，成長73.2%：
電子材料產品獲利增加最多，主要是銅箔基板等產品在大陸需求逐步回溫，以及
電路板業績成長。
塑膠加工產品在領導品牌優勢下，硬管等產品內銷業績良好，加上PVC等原料成本
降低，使產品利差擴大，獲利增加。
化工產品因原料成本下跌，利差也有所改善。
聚酯產品獲利減少，係因美國連續假期銷售量減少。
2.權益法投資損益-35.9億元，較第3季不利22.5億元：
(1)認列台塑石化-22.8億元(影響本公司EPS-0.29元)，較第3季不利8.3億元。
(2)認列南亞科技-3.4億元(影響本公司EPS-0.04元)，較第3季不利11.1億元。
(3)認列台朔重工-2.7億元(影響本公司EPS-0.03元)，較第3季不利1.6億元。
3.股利收入較第3季不利27.6億元：
(1)第3季認列台塑24.2億元。
(2)第3季認列亞太投資公司1.6億元。
4.外幣兌損6.9億元，較第3季不利24.1億元。主要係2022年第4季台幣兌美元匯率
升值，而第3季貶值，因此相對不利。
(三)2022年第4季歸屬母公司稅後利益為-6.6億元，每股稅後虧損0.08元。
二、2022年自結合併損益與2021年比較：
本公司2022年EPS4.05元，相較於2021年史上最高的10.25元，減少60.5%。主要是
2022年因通膨、烏俄戰爭及疫情管控等因素衝擊，使全球經濟成長大幅減緩。
然而本公司因電路板需求擴張、獲利大增，銅箔基板等電子材料產品在兩岸佈局
完整、營運穩定，加上聚酯產品在美國競爭力佳、硬管等塑膠加工產品在台灣
銷售成果良好，故雖然大環境不佳，經營績效不如2021年，但全年合併營收仍達到
3,551.8億元、合併營業利益達到323.3億元，皆為採用IFRSs合併財報以來的歷年
次高(僅次於2021年)。在認列台塑石化等投資收益大幅減少之下，歸屬母公司稅後
EPS為4.05元。說明如下：
(一)合併營業額較2021年減少564.9億元，減幅13.7%，其中銷售量差減少471.9
億元，銷售價差減少93.0億元。
化工產品營收減少347.4億元，主要係EG計畫性停車，及各項產品售價下跌。
電子材料產品減少216.6億元，其中電路板需求旺盛，營收增加；其他產品相較於
前一年度高峰，營收攀高回跌。
塑膠加工產品減少52.0億元，係消費動能不如2021年。
聚酯產品營收增加56.4億元，係原料漲價推升產品售價。
(二)合併稅前利益較2021年減少558.3億元，主要為：
1.營業利益323.3億元，較2021年減少486.7億元，減幅60.1%，說明如下：
化工產品獲利下滑，主要係2021上半年北美氣候影響產業供給，2022年供給充足、
需求減緩，故產品利差縮小。
電子材料產品之中，電路板需求強勁且朝高階精密化發展，營運績效大幅提升；
其他產品延續2021年佳績，2022全年獲利仍佳，惟相較於2021年高峰，相對下滑。
塑膠加工產品基於品牌優勢，在景氣不佳之下尚能穩定獲利，相較於2021年則
呈現下滑。
聚酯產品雖因全球需求轉弱，整體獲利不如2021年，但在美國具有良好的競爭力，
南卡廠獲利與2021年持平。
2.權益法投資收益47.1億元，較2021年減少160.4億元：
(1)認列台塑石化33.3億元(影響本公司EPS0.42元)，較2021年減少80.8億元。
(2)認列南亞科技42.8億元(影響本公司EPS0.54元)，較2021年減少24.3億元。
(3)認列台塑烯烴(美國)-3.6億元(影響本公司EPS-0.05元)，較2021年不利19.6
億元。
(4)認列越南興業-9.4億元(影響本公司EPS-0.12元)，較2021年不利15.3億元。
3.股利收入35.3億元，較2021年增加22.6億元，主要係台塑增加17.1億元，台化
增加3.2億元。
4.外幣兌盈34.6億元，較2021年有利40.7億元。主要是2022年台幣兌美元匯率
貶值，2021年為升值，因此相對有利。
5.2022年出售土地利益7.3億元，較2021年有利7.0億元。
(三)2022年歸屬母公司稅後利益為321.1億元，每股稅後盈餘4.05元。",self_assessed_eps,A,10.25,元,,元,季,mops_api_t05st01,mops_1303_20230110_133334_2,0.95
mops_1303_20230411_133051_2,1303,南亞,上市公司,,2023-04-11,13:30:51,2023-04-11,公告本公司2023年第1季自結合併損益,"1.事實發生日:112/04/11
2.公司名稱:南亞塑膠工業股份有限公司。
3.與公司關係(請輸入本公司或子公司):本公司。
4.相互持股比例:不適用。
5.發生緣由:公告本公司2023年第1季自結合併損益。
6.因應措施:無。
7.其他應敘明事項(若事件發生或決議之主體係屬公開發行以上公司，本則重大訊息同時
  符合證券交易法施行細則第7條第9款所定對股東權益或證券價格有重大影響之事項):
一、2023年第1季自結合併損益與2022年第4季比較：
本公司2023年第1季EPS0.11元，與去年第4季比較由虧轉盈。經過了幾個月以來的需求
低谷及產業庫存消化階段，加上中國大陸解除疫情管控，使第1季營運呈現止跌回穩，
除因春節連假及電路板供需漸趨平衡，使營收與營業利益比上季減少外，產品的一般
接單情況與上季持平，此外認列台塑石化等投資收益也由負轉正，使歸屬母公司稅後
EPS為0.11元，優於上季。說明如下：
(一)合併營業額657.7億元較上季減少99.9億元，減幅13.2%，其中銷售量差減少
65.8億元，銷售價差減少34.1億元：
電子材料產品營收減少84.7億元，主要是第1季春節假期影響，交運量顯著減少；
且電路板受到產業鏈庫存調整影響，營收下滑。
聚酯產品營收減少9.7億元、塑膠加工產品減少7.7億元，主要係本季有春節假期，
產銷天數減少。化工產品營運持平，營收微幅減少0.7億元。
(二)合併稅前利益較上季減少5.4億元：
1.營業利益10.0億元，較上季減少42.1億元，減幅80.8%：
電子材料產品利益減少，主要係電路板產業經持續擴張後景氣觸頂，供需逐漸
平衡所致，惟仍保有一定的獲利；而銅箔基板、銅箔、環氧樹脂等產品，
在整體產業去化庫存之後，本季營運開始回溫，雖然春節因素使交運量減少，
但獲利與上季持平。聚酯及塑膠加工產品，受春節假期影響，獲利小幅減少。
化工產品市況回穩，利益與上季持平。
2.權益法投資收益7.8億元，較上季有利42.7億元：
(1)認列台塑石化10.2億元(影響本公司EPS0.13元)，較上季有利33.1億元。
(2)認列麥寮汽電6.6億元(影響本公司EPS0.08元)，較上季有利7.5億元。
(3)認列台塑烯烴(美國)1.4億元(影響本公司EPS0.02元)，較上季有利2.2億元。
3.外幣兌損2.4億元，較上季有利4.5億元。主要係本季台幣兌美元匯率升值，
幅度小於上季，因此相對有利。
4.利息收支、資產處分、理賠收入、廢料出售等其他雜項收支，共較上季減少
10.5億元。
(三)2023年第1季歸屬母公司稅後利益為8.6億元，每股稅後盈餘0.11元。
二、2023年第1季自結合併損益與2022年第1季比較：
2023年第1季EPS0.11元，比去年同期減少94.3%，主要是第1季剛由去年第4季
的獲利低點上升，尚未恢復至去年水準，說明如下：
(一)合併營業額較2022年第1季減少363.2億元，減幅35.6%，其中銷售量差減少
266.5億元，銷售價差減少96.7億元：
化工產品營收減少161.6億元，主要係EG計畫性停車，及各項產品售價下跌。
電子材料產品減少127.9億元，係因去年第1季需求強勁，但今年消費動能趨緩所致。
聚酯產品營收減少56.3億元、塑膠加工產品減少19.7億元，係因全球通膨及升息
影響，終端需求尚未恢復。
(二)合併稅前利益較2022年第1季減少181.6億元：
1.營業利益10.0億元，較2022年第1季減少124.6億元，減幅92.6%：
化工產品獲利下滑，主要係BPA、1,4BG同業產能增加及需求減緩，使產品利差縮小。
電子材料產品獲利減少，係因通膨影響民間購買能力，電子商品換機需求減少所致。
聚酯產品及塑膠加工產品受升息、通膨影響，市場消費意願降低，獲利減少。
2.權益法投資收益7.8億元，較2022年第1季減少40.4億元：
(1)認列南亞科技-4.9億元(影響本公司EPS-0.06元)，較2022年第1季不利24.1億元。
(2)認列台塑石化10.2億元(影響本公司EPS0.13元)，較2022年第1季不利21.3億元。
3.外幣兌損2.4億元，較2022年第1季不利14.2億元。主要係今年第1季台幣兌美元
匯率升值，2022年第1季為貶值，因此相對不利。
(三)2023年第1季歸屬母公司稅後利益為8.6億元，每股稅後盈餘0.11元。",self_assessed_eps,A,0.11,元,,元,月,mops_api_t05st01,mops_1303_20230411_133051_2,0.95
mops_1303_20230710_133034_2,1303,南亞,上市公司,,2023-07-10,13:30:34,2023-07-10,公告本公司2023年第2季自結合併損益,"1.事實發生日:112/07/10
2.公司名稱:南亞塑膠工業股份有限公司。
3.與公司關係(請輸入本公司或子公司):本公司。
4.相互持股比例:不適用。
5.發生緣由:公告本公司2023年第2季自結合併損益。
6.因應措施:無。
7.其他應敘明事項(若事件發生或決議之主體係屬公開發行以上公司，本則重大訊息同時
  符合證券交易法施行細則第7條第9款所定對股東權益或證券價格有重大影響之事項):
一、2023年第2季自結合併損益與2023年第1季比較：
本公司2023年第2季EPS0.12元，較第1季增加8.2%，其中塑膠加工產品、聚酯產品獲利
增加，化工產品虧損減少，雖然有電子材料產品淡季獲利下滑、認列台塑石化投資
損失等不利因素，但加上本季認列的股利收入與外幣兌換利益之後，整體獲利略優於
上季。說明如下：
(一)合併營業額637.4億較上季減少20.3億元，減幅3.1%，其中銷售量差增加0.2億元，
銷售價差減少20.5億元：
電子材料產品適逢傳統淡季，營收減少。然而其他產品營收皆有增加：塑膠加工產品
及聚酯產品營運好轉，營收增加；化工產品因部分產線重啟，營收成長。
(二)合併稅前利益較上季增加0.2億元：
1.營業利益-2.4億元，較上季不利12.8億元：
主要是電子材料產品受淡季影響，獲利減少。其他產品都略較上季有利：塑膠加工
產品需求回溫，台灣、大陸、美國獲利皆有增加；聚酯產品因美國通膨逐漸緩和，
帶動獲利成長；化工產品因EG利差改善，部分產線重啟，虧損減少。
2.權益法投資收益-2.1億元，較上季不利9.9億元：
(1)認列台塑石化-2.7億元(影響本公司EPS-0.03元)，較上季不利12.9億元。
(2)認列南亞科-2.3億元(影響本公司EPS-0.03元)，較上季有利2.7億元。
3.股利收入13.9億元，主要係台塑股利收入12.4億元。
4.外幣兌盈5.2億元，較上季有利7.5億元。主要係本季台幣兌美元匯率貶值，第1季為
升值，因此相對有利。
5.利息收支、資產處分、金融資產評價利益等其他雜項收支，共較上季有利1.5億元。
(三)2023年第2季歸屬母公司稅後利益為9.4億元，每股稅後盈餘0.12元。
二、2023年上半年自結合併損益與2022年上半年比較：
2023年上半年EPS0.23元，比去年同期減少93.9%，主要是去年下半年開始全球景氣
反轉向下，今年上半年尚未明顯復甦，整體產業環境仍不如去年同期，說明如下：
(一)合併營業額較2022年上半年減少673.1億元，減幅34.2%，其中銷售量差減少
445.9億元，銷售價差減少227.2億元：
化工產品因EG部分產線計畫性停車，及BPA、1,4BG等產品售價下跌，致營收減少。
電子材料產品、聚酯產品、塑膠加工產品皆因市場需求縮減，營收下滑。
(二)合併稅前利益較2022年上半年減少349.5億元：
1.營業利益8.0億元，較2022年上半年減少228.4億元：
電子材料產品獲利減少，係通膨等環境因素影響全球消費動能，使電子商品換新意願
普遍降低所致。
化工產品由於BPA、1,4BG等產品同業產能擴張，再加上大陸需求恢復緩慢，使產品
利差縮小，獲利下滑。
聚酯及塑膠加工產品因需求不佳，獲利皆不如去年。
2.權益法投資收益5.7億元，較2022年上半年不利90.8億元：
(1)認列台塑石化7.6億元(影響本公司EPS0.10元)，較2022年上半年不利63.1億元。
(2)認列南亞科技-7.2億元(影響本公司EPS-0.09元)，較2022年上半年不利45.6億元。
3.股利收入13.9億元，較2022年上半年增加6.5億元，主要係認列台塑股利12.4億元
(去年於第3季認列)，及台化股利較去年減少5.4億元。
4.外幣兌盈2.8億元，較2022年上半年不利21.4億元。今年上半年台幣兌美元匯率
貶值，幅度小於去年同期，相對不利。
5.利息收支、資產處分、金融資產評價利益等其他雜項收支，共較上季減少15.4億元。
(三)2023年上半年歸屬母公司稅後利益為18.0億元，每股稅後盈餘0.23元。",self_assessed_eps,A,0.12,元,,元,季,mops_api_t05st01,mops_1303_20230710_133034_2,0.95
mops_1303_20231011_133256_2,1303,南亞,上市公司,,2023-10-11,13:32:56,2023-10-11,公告本公司2023年第3季自結合併損益,"1.事實發生日:112/10/11
2.公司名稱:南亞塑膠工業股份有限公司。
3.與公司關係(請輸入本公司或子公司):本公司。
4.相互持股比例:不適用。
5.發生緣由:公告本公司2023年第3季自結合併損益。
6.因應措施:無。
7.其他應敘明事項(若事件發生或決議之主體係屬公開發行以上公司，本則重大訊息同時
  符合證券交易法施行細則第7條第9款所定對股東權益或證券價格有重大影響之事項):
一、2023年第3季自結合併損益與2023年第2季比較：
本公司2023年第3季EPS0.55元，較第2季成長363.1%。在本業方面，化工產品利差
改善、塑膠加工產品利益溫和成長，而電子材料產品隨大環境漸佳，營運也逐漸
增溫，此外聚酯產品在美國亦穩定獲利，使得整體營業利益轉虧為盈；再加上
認列台塑石化等權益法投資收益大幅增加，使本公司第3季獲利較前季成長
達363.1%。說明如下：
(一)合併營業額672.5億元較上季增加35.1億元，成長5.5%，其中銷售量差增加
37.3億元，銷售價差減少2.2億元。
本公司營運涵蓋塑膠加工、化工、電子材料、聚酯等四大產業，在第3季營收表現
皆優於上季。其中電子材料產品營收增加最多(+19.8億元，+7.1%)，主要是產業鏈
庫存水準逐漸正常化，銅箔基板、銅箔、環氧樹脂等產品接單順利；化工產品營收
增加7.7億元(+5.6%)，係因油價推升產品售價及需求增加所致；而塑膠加工產品
在大陸、聚酯產品在美國的銷售也都有一定成長，使整體營收較前季增加。
(二)合併稅前利益較上季增加34.2億元：
1.營業利益3.6億元，較上季增加6.3億元：
化工產品因2EH供需缺口擴大及其他各產品利差改善，表現優於上季；塑膠加工產品
經營穩定，在台灣及大陸獲利都有增加；電子材料產品受惠於車用、伺服器、塗料
與風電旺季訂單挹注，銅箔基板、環氧樹脂等產品營運增溫；聚酯產品在美洲市場
業績成長，南卡廠獲利增加。
2.權益法投資收益38.3億元，較上季有利40.4億元：
(1)認列台塑石化39.6億元(影響本公司EPS0.50元)，較上季有利42.3億元。
(2)認列南亞科技-7.3億元(影響本公司EPS-0.09元)，較上季不利5.1億元。
3.股利收入較第2季不利9.9億元：
第2季認列台塑股利12.4億元。
4.外幣兌盈6.7億元，較上季有利1.6億元。主要係2023年第3季台幣兌美元貶值幅度
大於第2季所致。
(三)2023年第3季歸屬母公司稅後利益為43.6億元，每股稅後盈餘0.55元。
二、2023年前3季自結合併損益與2022年前3季比較：
本公司2023年前3季EPS0.78元，比去年同期減少81.2%。主要是去年下半年開始全球
景氣下行，今年緩步復甦，尚未恢復至去年水準所致。本公司除塑膠加工產品獲利
逆勢成長以外，其他產品利益額低於去年同期。說明如下：
(一)合併營業額較2022年前3季減少826.5億元，減幅29.6%，其中銷售量差減少519.8
億元，銷售價差減少306.7億元。
今年以來全球景氣不佳、消費動能不足，導致多數產品量、價皆不如去年，營收減少。
(二)合併稅前利益較2022年前3季減少359.8億元，主要為：
1.營業利益11.2億元，較去年同期減少257.0億元：
電子材料產品因需求減弱、電子商品換新意願降低，致利益減少；化工產品由於同業
產能擴張，及大陸需求恢復緩慢，使產品利差縮小；聚酯產品去年在美國獲利甚佳，
今年相對下滑。而在塑膠加工產品方面，因本公司硬管等產品具有領導品牌優勢，
且陸續發展車用皮等差異化產品，使營運逆勢成長，獲利較去年前3季增加。
2.權益法投資收益44.0億元，較2022年前3季減少39.1億元：
(1)認列南亞科技-14.5億元(影響本公司EPS-0.18元)，較2022年前3季不利60.7億元。
(2)認列台塑石化47.2億元(影響本公司EPS0.60元)，較2022年前3季減少9.0億元。
(3)認列麥寮汽電24.7億元(影響本公司EPS0.31元)，較2022年前3季有利35.0億元。
3.股利收入18.0億元，較2022年前3季減少17.4億元，主要係台塑減少11.8億元，台化
減少5.4億元。
4.外幣兌盈9.6億元，較2022年前3季不利31.9億元。主要是2023年前3季台幣兌美元
匯率貶值，幅度小於2022年前3季，相對不利。
(三)2023年前3季歸屬母公司稅後利益為61.7億元，每股稅後盈餘0.78元。",self_assessed_eps,A,0.55,元,,元,季,mops_api_t05st01,mops_1303_20231011_133256_2,0.95
mops_1303_20240110_133034_2,1303,南亞,上市公司,,2024-01-10,13:30:34,2024-01-10,公告本公司2023年度自結合併損益,"1.事實發生日:113/01/10
2.公司名稱:南亞塑膠工業股份有限公司。
3.與公司關係(請輸入本公司或子公司):本公司。
4.相互持股比例:不適用。
5.發生緣由:公告本公司2023年度自結合併損益。
6.因應措施:無。
7.其他應敘明事項(若事件發生或決議之主體係屬公開發行以上公司，本則重大訊息同時
  符合證券交易法施行細則第7條第9款所定對股東權益或證券價格有重大影響之事項):
一、2023年第4季自結合併損益與2023年第3季比較：
本公司2023年第4季由於美國聖誕節、感恩節下游停機，加上大陸十一長假及客戶
年終盤點等因素，致產品出貨量較第3季減少，營收下滑；但因銅價上漲推升電子
材料產品售價、塑膠加工產品接單穩定利差擴大，使營業利益比第3季增加。至於
稅後EPS(0.02元)較第3季減少，主要是受到台塑石化、台朔重工等投資收益減少
之影響。說明如下：
(一)合併營業額628.2億元較第3季減少44.3億元，減幅6.6%，其中銷售量差減少
52.2億元，銷售價差增加7.9億元。
電子材料產品因大陸十一長假及下游年終盤點、控制庫存，交貨量減少。聚酯產品
受到美國聖誕節、感恩節下游停機影響，營收下滑。化工產品在台灣與大陸營收
增加，美國減少，整體略減。塑膠加工產品業績溫和成長，營收小幅增加。
(二)合併稅前利益較第3季減少53.5億元：
1.營業利益8.2億元，較第3季增加4.6億元，成長128.6%：
國際銅價自10月初低點持續上漲，使電子材料產品售價在第4季隨之上揚，利差
改善，獲利增加。塑膠加工產品經營穩定，在台灣及美國營業利益都有成長。化工
產品利益持平，其中台灣因2EH市況良好，獲利增加。聚酯產品因美國聖誕節及
感恩節下游停機，銷售量與獲利減少。
2.權益法投資損益-4.4億元，較第3季不利42.7億元：
(1)認列台塑石化3.3億元(影響本公司EPS 0.04元)，較第3季不利36.3億元。
(2)認列台朔重工-4.8億元(影響本公司EPS -0.06元)，較第3季不利6.3億元。
3.股利收入較第3季不利3.9億元。
4.外幣兌損6.9億元，較第3季不利14.2億元。主要係2023年第4季台幣兌美元匯率
升值，而第3季貶值，因此相對不利。
(三)2023年第4季歸屬母公司稅後利益為1.4億元，每股稅後盈餘0.02元。
二、2023年自結合併損益與2022年比較：
本公司2023年度EPS 0.8元，比2022年減少80.4%。主要是2023年全球景氣復甦緩慢，
高物價、高利息導致市場消費動能不足，加上地緣政治衝突、美中科技戰影響，
壓縮產品的獲利空間。說明如下：
(一)合併營業額2,595.9億元較2022年減少956.0億元，減幅26.9%，其中銷售量差
減少600.3億元，銷售價差減少355.7億元。
受到全球景氣影響，市場消費需求不振，且下半年地緣政治風險升高、美中貿易
爭端影響擴大，導致2023年產品銷售量、價大多不如2022年，營收減少。
(二)合併稅前利益較2022年減少384.3億元，主要為：
1.營業利益19.4億元，較2022年減少300.9億元，說明如下：
電子材料產品因大陸景氣不理想及美中科技戰衝擊，利益減少。化工產品由於大陸
供給端產能快速擴充，且終端需求不佳，獲利下滑。聚酯產品因通膨與高利息尚未
緩解，銷售量及利益減少。而在塑膠加工產品方面，因車用膠皮、硬管等利基產品
的貢獻，使獲利略有成長。
2.權益法投資收益39.6億元，較2022年減少8.6億元：
(1)認列南亞科技-21.8億元(影響本公司EPS -0.28元)，較2022年不利64.6億元。
(2)認列麥寮汽電31.1億元(影響本公司EPS 0.39元)，較2022年增加42.3億元。
(3)認列台塑石化50.5億元(影響本公司EPS 0.64元)，較2022年增加17.2億元。
3.股利收入18.0億元，較2022年減少17.3億元，主要係台塑減少11.8億元，台化
減少5.4億元。
4.外幣兌盈3.2億元，較2022年不利31.3億元。主要是2023年台幣兌美元匯率貶值，
幅度小於2022年，相對不利。
5.2023年出售土地利益0.5億元，較2022年減少6.8億元。
(三)2023年歸屬母公司稅後利益為63.1億元，每股稅後盈餘0.80元。",self_assessed_eps,A,0.04,元,,元,月,mops_api_t05st01,mops_1303_20240110_133034_2,0.95
mops_1418_20240131_153412_1,1418,東華,上市公司,,2024-01-31,15:34:12,2024-01-31,"係因本公司有價證券於集中交易市場達公布注意交易資訊
標準，故公布相關財務業務等重大訊息，以利投資人區別瞭解","1.事實發生日:113/01/31
2.發生緣由:依台灣證券交易所之通知規定辦理
3.財務業務資訊:

科  期    最近一月 與 去 年   最近一季   與 去 年        最近四季累計
目  間  (112年11月) 同期增減% (112年第3季)同期增減%  (111年第4季~112年第3季)
           (母公司自結數)       (IFRS合併核閱數)    (IFRS合併核閱及查核數)
======== =================== ====================== =======================
營業收入      1         0          4        100                26
(百萬)
稅前純益    -13       -30        -22         15                28
(百萬)
稅後純益    -13       -30        -22         15                29
(百萬)
每股盈餘   -0.23      -21       -0.40        17               0.53
(元)
4.有無「臺灣證券交易所股份有限公司對有價證券上市公司重大訊息之查證暨公開處理
  程序」第4條所列重大訊息之情事（如「有」，請說明）:無
5.有無「臺灣證券交易所股份有限公司對有價證券上市公司重大訊息之查證暨公開處理
  程序」第11條所列重大訊息說明記者會之情事:無
6.完整財務資訊請至公開資訊觀測站查閱，路徑如下：
(1)近期營業收入及損益資訊：基本資料>精華版
(2)歷史每月營業收入：營運概況>每月營收>採用IFRSs後之月營業收入資訊
(3)歷史損益(會計師查核/核閱數)：財務報表>採IFRSs後>合併/個別報表>綜合損益表
(4)歷史損益(自願性公告自結數)：營運概況>自結損益公告:不適用
7.其他應敘明事項:無",self_assessed_profit,B,-0.23,元,-13.0,元,月,mops_api_t05st01,mops_1418_20240131_153412_1,0.75
mops_1303_20240410_133033_2,1303,南亞,上市公司,,2024-04-10,13:30:33,2024-04-10,公告本公司2024年第1季自結合併損益,"1.事實發生日:113/04/10
2.公司名稱:南亞塑膠工業股份有限公司。
3.與公司關係(請輸入本公司或子公司):本公司。
4.相互持股比例:不適用。
5.發生緣由:公告本公司2024年第1季自結合併損益
6.因應措施:無。
7.其他應敘明事項(若事件發生或決議之主體係屬公開發行以上公司，本則重大訊息同時
  符合證券交易法施行細則第7條第9款所定對股東權益或證券價格有重大影響之事項):
一、2024年第1季自結合併損益與2023年第4季比較：
本公司2024年第1季EPS0.16元，相較於上季及去年同期，獲利皆有好轉。與上季
比較，春節連假導致本業營收、獲利減少，但美國地區不受春節影響，績效優於
上季；而轉投資的台塑石化、南亞科技營運成果也都有改善，使投資收益增加；
再加上外幣兌換利益也較為有利，使稅後盈餘比上季成長。說明如下：
(一)合併營業額586.3億較上季減少43.6億元，減幅6.9%，其中銷售量差減少40.3
億元，銷售價差減少3.3億元：
除美國不受春節影響，客戶增加本地採購導致營收增加以外，台灣、大陸各產品
交運量皆因農曆年假而減少，營收下滑。然而年假過後市場需求已有好轉跡象，
3月合併營收達到近5個月最高，逐漸增溫。
(二)合併稅前利益較上季增加12.3億元：
1.營業利益-10.8億元，較上季不利19.4億元：
在台灣、大陸方面：電子材料產品、塑膠加工產品、聚酯產品皆受到春節影響，
獲利下滑。化工產品利益持平。
在美國方面：整體獲利增加，其中EG利差改善，虧損減少；塑膠加工產品因
美國客戶改以本地採購取代進口，致獲利成長；聚酯產品利益穩定持平。
2.權益法投資收益12.2億元，較上季有利16.4億元：
(1)認列台塑石化11.6億元(影響本公司EPS0.15元)，較上季有利8.2億元。
(2)認列台朔重工-0.1億元(影響本公司EPS0.00元)，較上季有利4.7億元。
(3)認列南亞科技-3.5億元(影響本公司EPS-0.04元)，較上季有利3.7億元。
3.外幣兌盈8.0億元，較上季有利15.6億元。主要係本季台幣兌美元匯率貶值，
2023年第4季為升值，因此相對有利。
(三)2024年第1季歸屬母公司稅後利益為12.4億元，每股稅後盈餘0.16元。
二、2024年第1季自結合併損益與2023年第1季比較：
2024年第1季EPS0.16元，比去年同期成長43.3%，其中本業除電路板營運表現不如
去年同期以外，其他產品獲利皆已達到或超越去年同期，而台塑石化、南亞科技等
投資收益也都較佳，再加上外幣兌換盈餘挹注，使歸屬母公司稅後利益比2023年
第1季成長。說明如下：
(一)合併營業額較2023年第1季減少71.4億元，減幅10.9%，其中銷售量差減少55.0
億元，銷售價差減少16.4億元：
主要是電路板仍陷於中美貿易戰的不利環境中，業績不如去年同期。其他各產品
營收大多持平或小幅增減。
(二)合併稅前利益較2023年第1季減少6.7億元：
1.營業利益-10.8億元，較2023年第1季不利21.2億元：
電子材料產品利益減少，主要是電路板利益尚未恢復到去年水準所致。至於銅箔
基板等其他產品，業績表現與去年同期持平。
化工產品較去年同期有利，主要係2EH、可塑劑等產品市況增溫，及EG利差改善所致。
聚酯產品、塑膠加工產品比去年同期有利，係因整體市場需求增加，以及美國客戶
考量海運受阻，改以本地採購取代進口，導致本公司美國據點接單增加。
2.權益法投資收益12.2億元，較2023年第1季有利4.4億元：
(1)認列台朔重工-0.1億元(影響本公司EPS0.00元)，較2023年第1季有利2.2億元。
(2)認列南亞科技-3.5億元(影響本公司EPS-0.04)，較2023年第1季有利1.4億元。
(3)認列台塑石化11.6億元(影響本公司EPS0.15)，較2023年第1季有利1.4億元。
3.外幣兌盈8.0億元，較2023年第1季有利10.4億元。主要係今年第1季台幣兌美元
匯率貶值，2023年第1季為升值，因此相對有利。
(三)2024年第1季歸屬母公司稅後利益為12.4億元，每股稅後盈餘0.16元。",self_assessed_eps,A,0.16,元,,元,月,mops_api_t05st01,mops_1303_20240410_133033_2,0.95
mops_1418_20240627_151813_3,1418,東華,上市公司,,2024-06-27,15:18:13,2024-06-27,"係因本公司有價證券於集中交易市場達公布注意交易資訊
標準，故公布相關財務業務等重大訊息，以利投資人區別瞭解","1.事實發生日:113/06/27
2.發生緣由:依台灣證券交易所之通知規定辦理
3.財務業務資訊:

科  期    最近一月 與 去 年     最近一季   與 去 年       最近四季累計
目  間  (113年5月) 同期增減% (113年第1季)同期增減%   (112年第2季~113年第1季)
           (母公司自結數)        (IFRS合併查核數)    (IFRS合併核閱及查核數)
======== =================== ======================  =======================
營業收入      1       550           4        -60                   14
(百萬)
稅前純益    -14      -100         -35        -52                   28
(百萬)
稅後純益    -14      -100         -35        -52                   28
(百萬)
每股盈餘   -0.27     -108        -0.65       -55                  0.51
(元)
4.有無「臺灣證券交易所股份有限公司對有價證券上市公司重大訊息之查證暨公開處理
  程序」第4條所列重大訊息之情事（如「有」，請說明）:無
5.有無「臺灣證券交易所股份有限公司對有價證券上市公司重大訊息之查證暨公開處理
  程序」第11條所列重大訊息說明記者會之情事:無
6.完整財務資訊請至公開資訊觀測站查閱，路徑如下：
(1)近期營業收入及損益資訊：基本資料>精華版
(2)歷史每月營業收入：營運概況>每月營收>採用IFRSs後之月營業收入資訊
(3)歷史損益(會計師查核/核閱數)：財務報表>採IFRSs後>合併/個別報表>綜合損益表
(4)歷史損益(自願性公告自結數)：營運概況>自結損益公告:不適用
7.其他應敘明事項:無",self_assessed_profit,B,-0.27,元,-14.0,元,月,mops_api_t05st01,mops_1418_20240627_151813_3,0.75
mops_1303_20240710_133034_2,1303,南亞,上市公司,,2024-07-10,13:30:34,2024-07-10,公告本公司2024年第2季自結合併損益,"1.事實發生日:113/07/10
2.公司名稱:南亞塑膠工業股份有限公司。
3.與公司關係(請輸入本公司或子公司):本公司。
4.相互持股比例:不適用。
5.發生緣由:公告本公司2024年第2季自結合併損益
6.因應措施:無。
7.其他應敘明事項(若事件發生或決議之主體係屬公開發行以上公司，本則重大訊息同時
  符合證券交易法施行細則第7條第9款所定對股東權益或證券價格有重大影響之事項):
一、2024年第2季自結合併損益與2024年第1季比較：
本公司2024年第2季EPS0.22元，優於上季(0.16元)及去年第2季(0.12元)。在本業
方面，電子材料產品受惠於AI應用發展、家電需求增加及銅價上漲，獲利比上季
顯著成長，而聚酯、塑膠加工產品市況亦逐步回溫，使營收與獲利增加；雖然
認列台塑石化投資收益減少，且兌換盈餘較上季不利，但歸屬母公司稅後利益
仍比第1季成長39.6%。說明如下：
(一)合併營業額664.1億元較上季增加77.8億元，成長13.3%，其中銷售量差增加
64.6億元，銷售價差增加13.2億元：
由於AI發展導致相關硬體需求增加、全球能源轉型刺激銅價上漲，再加上巴黎奧運
及大陸補助政策也帶動家電換新，使電子材料營收大幅增加；塑膠加工、化工及
聚酯產品之市況亦比上季增溫，營收成長。
(二)合併稅前利益較上季增加8.3億元：
1.營業利益6.5億元，較上季有利15.8億元：
電子材料產品獲利成長最多，主要是AI快速發展，運算與傳輸要求提升，帶動相關
硬體持續汰換升級，加上家電換新需求增加、國際銅價上漲推升電子材料售價，使
電路板、銅箔基板、銅箔等各類產品獲利成長。此外，塑膠加工產品貢獻穩定，
聚酯產品接單情況回溫，利益皆比上季增加。
2.權益法投資收益8.8億元，較上季不利3.4億元：
(1)認列台塑石化6.3億元(影響本公司EPS0.08元)，較上季不利5.3億元。
(2)認列台塑烯烴(美國)2.1億元(影響本公司EPS0.03元)，較上季有利1.4億元。
(3)認列南亞科技-2.4億元(影響本公司EPS-0.03元)，較上季有利1.2億元。
(4)認列麥寮汽電8.4億元(影響本公司EPS0.11元)，較上季有利0.3億元。
3.股利收入2.0億元，上季無，有利2.0億元。
4.外幣兌盈2.6億元，較上季不利5.4億元。主要係本季新台幣兌美元匯率貶值，
幅度小於上季，因此相對不利。
(三)2024年第2季歸屬母公司稅後利益為17.3億元，每股稅後盈餘0.22元。
二、2024年上半年自結合併損益與2023年上半年比較：
本公司2024年上半年EPS0.38元，比去年同期成長64.6%，本業之中除電路板因去年
比較基期較高，今年獲利相對下滑以外，其他電子材料、化工、塑膠加工、聚酯產品
營運績效皆超越去年同期，再加上認列台塑石化等投資收益增加，使歸屬母公司
(不含少數股權)之稅後利益優於2023上半年。說明如下：
(一)合併營業額較2023年上半年減少44.8億元，減幅3.5%，其中銷售量差減少
44.5億元，銷售價差減少0.3億元：
電路板去年業績佳，比較基期較高，今年營收相對減少。而電路板以外之產品營收
皆高於去年同期，主要是AI技術革新，引領電子材料需求增加，以及各行業景氣
溫和復甦，帶動塑膠加工產品與聚酯產品訂單增加，營收成長。
(二)合併稅前利益較2023年上半年減少5.2億元：
1.營業利益-2.7億元，較2023年上半年不利10.3億元：
主要是電路板相較於去年較高的獲利，業績下滑所致，但第2季營運已有起色，
而在AI技術發展、銅價上漲、家電需求增溫等因素激勵之下，銅箔基板、銅箔等
其他電子材料產品上半年獲利皆優於去年同期。在其他產品方面，塑膠加工產品
因營建、家飾材料銷售成長，獲利增加；化工產品因2EH市況良好，表現比去年
同期佳；聚酯產品持續發展高值化之環保回收產品，營運也比去年好轉。
2.權益法投資收益21.0億元，較2023年上半年有利15.3億元：
(1)認列台塑石化17.9億元(影響本公司EPS0.23元)，較2023年上半年有利10.4億元。
(2)認列麥寮汽電16.5億元(影響本公司EPS0.21元)，較2023年上半年有利3.9億元。
(3)認列南亞科技-5.9億元(影響本公司EPS-0.07元)，較2023年上半年有利1.3億元。
3.股利收入2.0億元，較2023年上半年不利12.0億元。主要係去年上半年認列台塑公司
股利收入12.4億元，今年因除息日訂於第3季，故尚未認列。
4.外幣兌盈10.7億元，較2023年上半年有利7.9億元。主要係2024年上半年台幣兌美元
匯率貶值，幅度大於2023年上半年，因此相對有利。
5.利息收支、政府補助、廢料出售等其他雜項收支，比去年同期不利6.1億元。
(三)2024年上半年歸屬母公司稅後利益為29.8億元(已排除非本公司持股的少數股權)，
比去年同期增加11.7億元；每股稅後盈餘0.38元，比去年同期成長64.6%。",self_assessed_eps,A,0.22,元,,元,季,mops_api_t05st01,mops_1303_20240710_133034_2,0.95
mops_1303_20241011_133024_2,1303,南亞,上市公司,,2024-10-11,13:30:24,2024-10-11,公告本公司2024年第3季自結合併損益,"1.事實發生日:113/10/11
2.公司名稱:南亞塑膠工業股份有限公司。
3.與公司關係(請輸入本公司或子公司):本公司。
4.相互持股比例:不適用。
5.發生緣由:公告本公司2024年第3季自結合併損益
6.因應措施:無。
7.其他應敘明事項(若事件發生或決議之主體係屬公開發行以上公司，本則重大訊息同時
  符合證券交易法施行細則第7條第9款所定對股東權益或證券價格有重大影響之事項):
一、2024年第3季自結合併損益與2024年第2季比較：
本公司2024年第3季EPS0.01元，較第2季減少0.21元。其中本業利益較上季好轉，
除化工產品因油價波動致獲利震盪以外，電路板等電子材料、聚酯、塑膠加工產品
市況逐步走穩，利益都略有增加，雖然因認列台塑石化等權益法投資損失，以及
外幣兌損，使本公司第3季獲利較前季衰退，但單季仍有稅後盈餘0.6億元。說明
如下：
(一)合併營業額為664.2億元，較上季增加0.2億元，其中銷售量差減少7.5億元，
銷售價差增加7.7億元。電路板營收連2季小幅成長，美國EG、聚酯產品產銷量及
營收略為增加；其他產品營收僅持平或小幅增減。
(二)合併稅前利益較上季減少15.7億元：
1.營業利益10.0億元，較上季增加3.6億元：
電路板等電子材料產品、聚酯產品、塑膠加工產品市況逐漸穩定，獲利好轉；
而化工產品因油價波動、地緣政治衝突影響，獲利震盪，比上季略減。
2.權益法投資損益-6.8億元，較上季不利15.6億元：
(1)認列台塑石化-7.1億元(影響本公司EPS-0.09元)，較上季不利13.4億元。
(2)認列南亞科技-4.4億元(影響本公司EPS-0.05元)，較上季不利2.0億元。
(3)認列台朔重工-4.3億元(影響本公司EPS-0.05元)，較上季不利4.1億元。
(4)認列麥寮汽電8.6億元(影響本公司EPS0.11元)，較上季有利0.2億元。
(5)認列台塑烯烴(美國)5.6億元(影響本公司EPS0.07元)，較上季有利3.5億元。
3.股利收入5.3億元，較上季有利3.3億元：
本季認列台塑股利收入2.9億元、台化股利收入1.8億元。
4.外幣兌損1.3億元，較上季不利3.9億元。主要係本季台幣兌美元匯率升值，
第2季為貶值，因此相對不利。
5.利息收支不利0.8億元、基金評價不利0.7億元。
(三)2024年第3季歸屬母公司稅後利益為0.6億元，每股稅後盈餘0.01元。
二、2024年前3季自結合併損益與2023年前3季比較：
本公司2024年前3季EPS0.38元，比去年同期減少0.4元。在本業方面，大多數
產品營運情況已落底回溫，獲利都優於去年，但在全球經濟復甦緩慢、油價
波動、產業供給擴張、地緣政治衝突的干擾之下，獲利成長力道受限制，
再加上電路板去年獲利佳、今年滑落相對明顯，使本公司整體營業利益較去年
減少4.1億元。而業外收益受到台塑石化等權益法投資收益、股利收入大幅
下滑影響，顯著減少49.6億元，導致整體稅後利益不如去年，說明如下：
(一)合併營業額較2023年前3季減少53.0億元，減幅2.7%，
其中銷售量差減少75.9億元，銷售價差增加22.9億元。主要是電路板相較於去年
高點，今年營收顯著減少；其他產品營收大多為增加或持平。
(二)合併稅前利益較2023年前3季減少53.7億元：
1.營業利益7.1億元，較去年同期減少4.1億元：
除電路板獲利不如去年以外，銅箔基板等其他各類電子材料產品市況漸趨穩定、
化工產品利差改善、聚酯產品需求落底回溫、塑膠加工產品獲利穩定，利益皆優於
去年同期。
2.權益法投資損益14.2億元，較2023年前3季不利29.8億元：
(1)認列台塑石化10.8億元(影響本公司EPS0.14元)，較2023年前3季不利36.4億元。
(2)認列南亞科技-10.3億元(影響本公司EPS-0.13元)，較2023年前3季有利4.2億元。
(3)認列台朔重工-4.5億元(影響本公司EPS-0.06元)，較2023年前3季不利3.3億元。
(4)認列麥寮汽電25.0億元(影響本公司EPS0.32元)，較2023年前3季有利0.4億元。
(5)認列台塑烯烴(美國)8.3億元(影響本公司EPS0.1元)，較2023年前3季有利5.4億元。
3.股利收入7.4億元，較2023年前3季減少10.6億元，主要係台塑減少9.4億元。
4.外幣兌盈9.4億元，較2023年前3季不利0.7億元。主要是2024年前3季台幣兌美元
匯率貶值，幅度小於2023年前3季，相對不利。
5.利息收支不利3.4億。
6.資產處分、廢料標售、基金評價、政府補助、租金收入等雜項收支共不利5.1億元。
(三)2024年前3季歸屬母公司稅後利益為30.4億元，每股稅後盈餘0.38元。",self_assessed_eps,A,0.01,元,,元,季,mops_api_t05st01,mops_1303_20241011_133024_2,0.95
mops_1303_20250110_133020_2,1303,南亞,上市公司,,2025-01-10,13:30:20,2025-01-10,公告本公司2024年度自結合併損益,"1.事實發生日:114/01/10
2.公司名稱:南亞塑膠工業股份有限公司。
3.與公司關係(請輸入本公司或子公司):本公司。
4.相互持股比例:不適用。
5.發生緣由:公告本公司2024年度自結合併損益
6.因應措施:無。
7.其他應敘明事項(若事件發生或決議之主體係屬公開發行以上公司，本則重大訊息同時
  符合證券交易法施行細則第7條第9款所定對股東權益或證券價格有重大影響之事項):
一、2024年第4季自結合併損益與2024年第3季比較：
本公司2024年第4季EPS0.04元，較第3季略佳，其中化工產品因EG產銷量大幅提升，
營收與損益優於上季，而電子材料產品因傳統旺季結束，聚酯產品因瓶用粒淡季及
感恩節、聖誕節假期影響，營收與利益下滑。此外投資收益及兌換盈餘則較上季
略為有利。整體歸屬母公司稅後盈餘為2.8億元，比第3季增加2.1億元。說明如下：
(一)合併營業額681.5億元較第3季增加17.3億元，成長2.6%，其中銷售量差增加
40.8億元，銷售價差減少23.5億元。
EG利差改善，德州與麥寮產線皆提高產能利用率，使化工產品營收顯著增加。電子
材料產品步出第3季傳統旺季，營收下滑。聚酯產品因冬季進入瓶用粒淡季，以及
感恩節、聖誕節連假下游停工影響，營收減少。塑膠加工產品營收持平。
(二)合併稅前利益較第3季增加2.2億元：
1.營業利益-2.0億元，較第3季不利11.9億元：
EG產銷量提高，使化工產品營運優於第3季；而電子材料產品及聚酯產品則受到
季節性因素影響，獲利下滑。
2.權益法投資損益-0.9億元，較第3季有利5.9億元：
(1)認列台塑石化2.9億元(影響本公司EPS0.04元)，較上季有利10.0億元。
(2)認列南亞科技-4.6億元(影響本公司EPS-0.06元)，較上季不利0.3億元。
(3)認列台朔重工-0.9億元(影響本公司EPS-0.01元)，較上季有利3.4億元。
(4)認列麥寮汽電6.9億元(影響本公司EPS0.09元)，較上季不利1.7億元。
(5)認列台塑烯烴(美國)3.0億元(影響本公司EPS0.04元)，較上季不利2.6億元。
3.股利收入0.4億元，較第3季不利5.0億元。
上季認列台塑股利收入2.9億元、台化股利收入1.8億元。
4.外幣兌盈8.0億元，較第3季有利9.3億元。主要係2024年第4季台幣兌美元匯率
貶值，而第3季升值，因此相對有利。
5.利息費用有利1.5億元。
6.資產處分、廢料標售、基金評價、政府補助、租金收入等雜項收支共有利
2.4億元。
(三)2024年第4季歸屬母公司稅後利益為2.8億元，每股稅後盈餘0.04元。
二、2024年自結合併損益與2023年比較：
本公司2024年度EPS0.42元，比2023年減少47.4%。回顧一年來的經營環境，通膨
與高利息逐步緩解，各產品消費需求回溫，加上AI發展帶動供應鏈持續成長，
使本公司大部分產品營運都比2023年好轉，除電路板因2023年獲利良好，2024年
相對明顯下滑以外，其他電子材料、化工、聚酯、塑膠加工產品的本業營收與
獲利都有成長。然而製造業產能擴張、美中貿易糾紛、地緣政治衝突、中國
大陸房產問題等不利因素，也限制了復甦力道，再加上認列台塑石化等轉投資
收益顯著減少，使歸屬母公司稅後盈餘比2023年減少29.9億元。說明如下：
(一)合併營業額2,596.2較2023年減少1.4億元，減幅0.1%，其中銷售量差減少
22.3億元，銷售價差增加20.9億元。
唯有電路板營收減少，其他各項產品營收皆增加，其中化工產品因EG市況改善，
產銷量增加，營收與損益都有好轉；銅箔基板、銅箔等電子材料產品受惠於
AI應用崛起，積極開發並推展高階材料，營收與獲利增加；聚酯產品、塑膠
加工產品也都溫和成長。
(二)合併稅前利益較2023年減少46.4億元，主要為：
1.營業利益5.1億元，較2023年減少14.7億元，說明如下：
電路板因2023年獲利佳，比較基期較高，故2024年利益相對下滑；其他各項
產品利益均小幅成長。
2.權益法投資收益13.3億元，較2023年減少26.4億元：
(1)認列台塑石化13.7億元(影響本公司EPS0.17元)，較2023年不利36.8億元。
(2)認列南亞科技-14.9億元(影響本公司EPS-0.19元)，較2023年有利6.9億元。
(3)認列台朔重工-5.4億元(影響本公司EPS-0.07元)，較2023年有利0.7億元。
(4)認列麥寮汽電31.9億元(影響本公司EPS0.4元)，較2023年有利0.9億元。
(5)認列台塑烯烴(美國)11.4億元(影響本公司EPS0.14元)，較2023年有利8.4億元。
3.股利收入7.8億元，較2023年減少10.3億元，主要係台塑股利收入減少9.4億元，
台化股利收入增加0.4億元。
4.外幣兌盈17.5億元，較2023年有利14.9億元。主要是2024年台幣兌美元匯率
貶值，幅度大於2023年，相對有利。
5.利息費用不利2.1億元。
6.資產處分、廢料標售、基金評價、政府補助、租金收入等雜項收支共不利
7.8億元。
(三)2024年歸屬母公司稅後利益為33.2億元，每股稅後盈餘0.42元。",self_assessed_eps,A,0.04,元,,元,季,mops_api_t05st01,mops_1303_20250110_133020_2,0.95
mops_1419_20250521_162940_1,1419,新紡,上市公司,,2025-05-21,16:29:40,2025-05-21,"係因本公司有價證券於集中交易市場達公布注意交易資訊
標準， 故公布相關財務業務等重大訊息，以利投資人區別瞭解","1.事實發生日:114/05/21
2.發生緣由:本公司接獲台灣證券交易所股份有限公司通知辦理
3.財務業務資訊:
期間             (月)                   (季)              (最近四季累計)
======== ===================== ====================== ======================
         最近一月    與去年    最近一季     與去年    (113第2季至114年第1季)
 科目    (114年04月) 同期增減  (114年第1季) 同期增減
            IFRS        (％)      IFRS         (％)             IFRS
           自結數                查核數                        查核數
======== ============ ======== ============= ======== =======================
營業收入      288      -4.10%      1,064      23.43%           4,416
(百萬)
稅前純益      -12    -121.43%        144      23.08%           1,139
(百萬)
稅後純益      -17     -77.92%         99      10.00%             878
(百萬)
每股盈餘    -0.06     -76.92%       0.33      10.00%            2.93
(元)
4.有無「臺灣證券交易所股份有限公司對有價證券上市公司重大訊息之查證暨公開處理
  程序」第4條所列重大訊息之情事（如「有」，請說明）:無
5.有無「臺灣證券交易所股份有限公司對有價證券上市公司重大訊息之查證暨公開處理
  程序」第11條所列重大訊息說明記者會之情事:無
6.完整財務資訊請至公開資訊觀測站查閱，路徑如下：
(1)近期營業收入及損益資訊：基本資料>精華版
(2)歷史每月營業收入：營運概況>每月營收>採用IFRSs後之月營業收入資訊
(3)歷史損益(會計師查核/核閱數)：財務報表>採IFRSs後>合併/個別報表>綜合損益表
(4)歷史損益(自願性公告自結數)：營運概況>自結損益公告:
7.其他應敘明事項:無",self_assessed_profit,B,-0.06,元,-17.0,元,月,mops_api_t05st01,mops_1419_20250521_162940_1,0.75
mops_1409_20250819_163331_1,1409,新纖,上市公司,,2025-08-19,16:33:31,2025-08-19,"因本公司有價證券於集中交易市場達公佈注意交易資訊標準，
故公布相關財務、業務等重大訊息，以利投資人區別了解","1.事實發生日:114/08/19
2.發生緣由:本公司接獲台灣證券交易所股份有限公司通知辦理
3.財務業務資訊:
期間            (  月  )             (   季   )           (最近四季累計)
========  ==================== ======================== ====================
           最近一月   與去年     最近一季     與去年
科目     (114年06月) 同期增減  (114年第2季)  同期增減   (113第3季至114第2季)
           IFRS         (%)         IFRS        (%)             IFRS
           自結數                  核閱數                      核閱數
========  =========== ======== ============= ========== ====================
營業收入       3,284   -14.65%      9,777       -15.37%           44,136
(百萬)
稅前純益         -53  -118.78%       -247      -129.55%            2,173
(百萬)
稅後純益         -75  -134.48%       -179      -128.28%            1,766
(百萬)
每股盈餘       -0.02  -118.18%      -0.07      -125.93%             0.75
(元)
4.有無「臺灣證券交易所股份有限公司對有價證券上市公司重大訊息之查證暨公開處理
  程序」第4條所列重大訊息之情事（如「有」，請說明）:無
5.有無「臺灣證券交易所股份有限公司對有價證券上市公司重大訊息之查證暨公開處理
  程序」第11條所列重大訊息說明記者會之情事:無
6.完整財務資訊請至公開資訊觀測站查閱，路徑如下：
(1)近期營業收入及損益資訊：基本資料>精華版
(2)歷史每月營業收入：營運概況>每月營收>採用IFRSs後之月營業收入資訊
(3)歷史損益(會計師查核/核閱數)：財務報表>採IFRSs後>合併/個別報表>綜合損益表
(4)歷史損益(自願性公告自結數)：營運概況>自結損益公告:
7.其他應敘明事項:無",self_assessed_profit,B,-0.02,元,-75.0,元,月,mops_api_t05st01,mops_1409_20250819_163331_1,0.75
mops_1303_20260410_133021_2,1303,南亞,上市公司,,2026-04-10,13:30:21,2026-04-10,公告本公司2026年第1季自結合併損益,"1.事實發生日:115/04/10
2.公司名稱:南亞塑膠工業股份有限公司。
3.與公司關係(請輸入本公司或子公司):本公司。
4.相互持股比例:不適用。
5.發生緣由:公告本公司2026年第1季自結合併損益
6.因應措施:無。
7.其他應敘明事項(若事件發生或決議之主體係屬公開發行以上公司，本則重大訊息同時
  符合證券交易法施行細則第7條第9款所定對股東權益或證券價格有重大影響之事項):
一、2026年第1季自結合併損益與2025年第4季比較：
本公司2026年第1季EPS向上攀升至1.80元，達到最近15季以來新高，與上季、去年
同期比較，皆大幅成長。獲利加速的動能主要來自於電子三大領域的貢獻：南亞
電子材料、子公司南亞電路板，以及轉投資的南亞科技。在AI浪潮急速推進之下，
雲端服務、資料中心業者大舉擴張資本支出，而高速網通、存儲設施、邊緣運算、
電源控制之需求也不斷激增、升級，導致相關材料供不應求、業績大幅成長；同時
也因產能資源排擠效應，連帶使消費電子用料供需缺口擴大，進一步推升南亞電子
材料、南電、南亞科各類產品的營收與利益，引領本公司單季獲利一舉超越前三年度
的獲利總和。說明如下：
(一)合併營業額686.0億元較2025年第4季增加41.3億元(量差+1.3，價差+40.0)，
成長6.4%。其中電子材料產品營收占比達5成以上，受惠於市場需求持續強勁，本季
銷售量、價及營收皆顯著成長；聚酯產品因美國市場增加境內採購取代進口，使
南卡廠營收增加；塑膠加工產品在亞洲及美國需求略為增溫，業績小幅成長；化工
產品業績持平。
(二)合併稅前利益較2025年第4季增加102.3億元：
1.營業利益37.8億元，較2025年第4季有利24.5億元：
電子材料產品本季營業利益48.0億元，較上季倍增，其中ABF載板、銅箔、玻纖布
(絲)、銅箔基板皆有顯著貢獻；塑膠加工產品、聚酯產品營運略優於上季；化工
產品持平。
2.權益法投資收益121.2億元，較2025年第4季有利82.0億元：
(1)認列台塑石化47.1億元(影響本公司EPS0.59元)，較上季有利35.3億元。
(2)認列南亞科技76.3億元(影響本公司EPS0.96元)，較上季有利43.8億元。
(3)認列台朔重工-0.2億元(影響本公司EPS-0.002元)，與上季相當。
(4)認列麥寮汽電0.2億元(影響本公司EPS0.003元)，較上季不利2.7億元。
(5)認列台塑烯烴(美國)1.3億元(影響本公司EPS0.02元)，較上季有利4.1億元。
3.外幣兌盈4.9億元，較2025年第4季不利2.5億元。主要係2026年第1季台幣兌
美元匯率貶值，幅度小於2025年第4季，故相對不利。
4.利息收支、資產處分、廢料標售、基金評價、政府補助、租金收入等雜項收支
共不利1.7億元。
(三)2026年第1季歸屬母公司稅後利益為142.5億元，每股稅後盈餘1.80元。
二、2026年第1季自結合併損益與2025年第1季比較：
2026年第1季EPS1.80元，比去年同期增加1.74元，主要是南亞電子材料、南亞
電路板、南亞科技營運持續增溫，帶動整體獲利大幅成長，說明如下：
(一)合併營業額較2025年第1季增加30.4億元(量差+16.3，價差+14.1)，成長4.6%，
其中電子材料產品因AI及週邊行業蓬勃發展，營收大幅增加；塑膠加工產品景氣
溫和上揚，營收略增；化工產品市況無太大改善，產銷量及營收低於去年同期；
聚酯產品營收持平。
(二)合併稅前利益較2025年第1季增加152.6億：
1.營業利益37.8億元，較2025年第1季有利37.4億元：
隨著AI產業持續擴大，雲端服務供應商等相關業者也不斷上修資本支出規模，本公司
的ABF載板、銅箔、玻纖布(絲)、銅箔基板等電子材料產品依市場需求積極開發、
認證，已逐步顯現良好的成果，銷售量、價與獲利比去年同期大幅成長，已成為創造
營收及獲利的主要動能。此外，塑膠加工產品營運穩定，利益小幅成長；化工產品
及聚酯產品大致持平。
2.權益法投資收益121.2億元，較2025年第1季有利116.8億元：
(1)認列台塑石化47.1億元(影響本公司EPS0.59元)，較2025年第1季有利38.6億元。
(2)認列南亞科技76.3億元(影響本公司EPS0.96元)，較2025年第1季有利82.0億元。
(3)認列台朔重工-0.2億元(影響本公司EPS-0.002元)，較2025年第1季不利0.7億元。
(4)認列麥寮汽電0.2億元(影響本公司EPS0.003元)，較2025年第1季不利1.1億元。
(5)認列台塑烯烴(美國)1.3億元(影響本公司EPS0.02元)，較2025年第1季不利3.8
億元。
3.外幣兌盈4.9億元，較2025年第1季有利0.7億元。主要是2026年第1季台幣兌美元
匯率貶值，幅度大於去年同期，故相對有利。
4.利息收支、資產處分、廢料標售、基金評價、政府補助、租金收入等雜項收支共
不利2.3億元。
(三)2026年第1季歸屬母公司稅後利益為142.5億元，每股稅後盈餘1.80元。",self_assessed_eps,A,0.59,元,,元,季,mops_api_t05st01,mops_1303_20260410_133021_2,0.95
